abf,1432119618,1432000513,domain_users,**Never logged in**,domain_users,dna_aws_hpc,NNEDL_AD_UKBB2022_R,datahub-genetics-ukb53639,REDDP_READER_P,,,,,,,,,,,,,,,,,,,,
aeqc,981301093,1432000513,domain_users,Thu Jun 26 06:59:49 +0000 2025,domain_users,dna_aws_hpc,REDDP_READER_P,,,,,,,,,,,,,,,,,,,,,,
aezw,278975823,1432000513,domain_users,Mon Aug  4 14:06:00 +0000 2025,domain_users,omero-server,sysbiotarget,ad_jira_red,dna_aws_hpc,nnrco,red-dp-reader-imaging-externaldata,dewp_image_analys,novomorph,reddp-dpt-img-prd-r,reddp-dpt-meta-prd-r,REDDP_READER_P,reddp-dpt-img-prd-d,novomorph-ds-users,,,,,,,,,,,
aflf,573470508,1432000513,domain_users,Tue Jul  1 09:36:54 +0000 2025,domain_users,ad_jira_red,dna_aws_hpc,ST-GE-PredBenchm,datahub-aidr-arc-ctc-tahoe100-reader,,,,,,,,,,,,,,,,,,,,
agig,481941296,1432000513,domain_users,**Never logged in**,domain_users,ad_jira_red,dna_aws_hpc,REDDP_READER_P,,,,,,,,,,,,,,,,,,,,,
agwt,481800772,1432000513,domain_users,Mon Aug  4 13:00:44 +0000 2025,domain_users,omero-server,sysbiotarget,nnrco,dewp_image_analys,novomorph,novomorph-admins,dna_aws_hpc,red-dp,reddp-dpt-meta-dev-r,reddp-dpt-img-prd-r,reddp-dpt-meta-prd-r,OMERO-Users,REDDP_READER_P,reddp-dpt-img-prd-d,novomorph-ds-users,mi-imaging,DD_AWS_Image_Solutions,GFS_POC_Image_Solutions,,,,,,
ahuc,981247701,1432000513,domain_users,Wed Jul 30 11:08:41 +0000 2025,domain_users,sysbiotarget,ad_jira_red,dna_aws_hpc,nnrco,red-dp,REDDP_READER_P,,,,,,,,,,,,,,,,,,
ahyf,1022200164,1432000513,domain_users,Mon Aug  4 08:51:28 +0000 2025,domain_users,dna_aws_hpc,AntibodyDesign,,,,,,,,,,,,,,,,,,,,,,
aidr_mlops,856795998,1432000513,domain_users,Mon Jun 23 10:20:34 +0000 2025,domain_users,dna_aws_hpc,REDDP_READER_P,,,,,,,,,,,,,,,,,,,,,,
aidw,856778024,1432000513,domain_users,**Never logged in**,domain_users,dna_aws_hpc,datahub-genetics-ukb53639,REDDP_READER_P,,,,,,,,,,,,,,,,,,,,,
aifq,1022285295,1432000513,domain_users,Tue Jul  8 17:37:41 +0000 2025,domain_users,sysbiotarget,ad_jira_red,dna_aws_hpc,REDDP_READER_P,REDDP_OPCOB_OMICS_READER,,,,,,,,,,,,,,,,,,,
aioz,206852780,1432000513,domain_users,**Never logged in**,domain_users,local_ukbiobank,ad_jira_red,dna_aws_hpc,NNEDL_AD_UKBB2022_R,NNmegaTAL,REDDP_READER_P,,,,,,,,,,,,,,,,,,
aiuh,648940507,1432000513,domain_users,**Never logged in**,domain_users,dna_aws_hpc,REDDP_READER_P,,,,,,,,,,,,,,,,,,,,,,
ajwl,447745780,1432000513,domain_users,**Never logged in**,domain_users,cdd,dna_aws_hpc,REDDP_READER_P,,,,,,,,,,,,,,,,,,,,,
aobc,573505708,1432000513,domain_users,**Never logged in**,domain_users,cdd,omero-server,photonn,dna_aws_hpc,novomorph,OMERO-Users,novomorph-admins,REDDP_READER_P,reddp_tde_hci_img_r,,,,,,,,,,,,,,,
aody,589787894,1432000513,domain_users,Fri Aug  1 12:03:18 +0000 2025,domain_users,nnedl_selfservice_ds_nnrcoagile,grs,genetics_ukb65851,cryosparc,massif_seed_library,crdfshared,photonn,dna_aws_hpc,nnrco,datahub-mdu,red-dp-reader-imaging-externaldata,datahub-dept105,REDDP_READER_P,datahub-210-admin,GFS_POC_Image_Solutions,,,,,,,,,
aoeo,1562337487,1432000513,domain_users,**Never logged in**,domain_users,genetics_ukb53639,nnrco_cph,dna_aws_hpc,datahub-genetics-ukb53639,OMERO-Users,REDDP_READER_P,comphealth,ad_jira_red,,,,,,,,,,,,,,,,
aoqn,1003037141,1432000513,domain_users,Mon Aug  4 21:48:12 +0000 2025,domain_users,ad_jira_red,dna_aws_hpc,nngmp0050e1c3icl,dept7340,aoqn_projects,APC,red-dp,seqplat_ws_test_1,seqplat_ws_DNA_Del,seqplat_ws_RNA_Tech,seqplat_ws_Genome_Edit,seqplat_ws_Cell_Eng,seqplat_ws_Cell_TAD,ga_shared,REDDP_READER_P,datahub-aidr-gnat-dev,REDDP_OPCOB_OMICS_READER,,,,,,,
aphy,1003023521,1432000513,domain_users,Mon Aug  4 08:04:08 +0000 2025,domain_users,dept105,genetics_ukb65851,genetics_ukb53639,ad_jira_red,genetics_starnet,dna_aws_hpc,nnrco,datahub-dept105,datahub-genetics-ukb53639,,,,,,,,,,,,,,,
apri,1348785295,1432000513,domain_users,**Never logged in**,domain_users,dept105,genetics_ukb65851,genetics_ukb53639,ad_jira_red,dna_aws_hpc,nnrco,step_genetics,nngmp0050e1c3icl,datahub-dept105,,,,,,,,,,,,,,,
aqao,1562222952,1432000513,domain_users,**Never logged in**,domain_users,ad_jira_red,dna_aws_hpc,REDDP_READER_P,,,,,,,,,,,,,,,,,,,,,
aqnf,856750266,1432000513,domain_users,Mon Jul 28 12:49:21 +0000 2025,domain_users,ad_jira_red,dna_aws_hpc,liver_biology_colab,REDDP_READER_P,datahub-210-admin,seqplat_ws_ee_adipose_liver,,,,,,,,,,,,,,,,,,
arvf,1022285262,1432000513,domain_users,**Never logged in**,domain_users,cdd,dna_aws_hpc,,,,,,,,,,,,,,,,,,,,,,
arxt,278813265,1432000513,domain_users,Mon Aug  4 12:52:05 +0000 2025,domain_users,dept105,genetics_ukb65851,genetics_ukb53639,ad_jira_red,dna_aws_hpc,nnrco,step_genetics,datahub-dept105,comphealth,datahub-genetics-ukb53639,,,,,,,,,,,,,,
avgx,278843225,1432000513,domain_users,Wed Jul 30 14:59:41 +0000 2025,domain_users,rstudio-admins,grs,adv-omics,admin-marjorie,admin-lovelace,dna_aws_hpc,,,,,,,,,,,,,,,,,,
avtk,648903287,1432000513,domain_users,Tue Jun 17 08:50:08 +0000 2025,domain_users,dept105,dna_aws_hpc,datahub-genetics-ukb53639,nn_bdas_reader,datahub-210-admin,datahub-dept-105-admin,,,,,,,,,,,,,,,,,,
awlw,856711544,1432000513,domain_users,**Never logged in**,domain_users,cdd,dna_aws_hpc,REDDP_READER_P,,,,,,,,,,,,,,,,,,,,,
awvn,1003026599,1432000513,domain_users,Wed Jul 23 15:20:52 +0000 2025,domain_users,dna_aws_hpc,OMERO-Users,,,,,,,,,,,,,,,,,,,,,,
axvn,447745327,1432000513,domain_users,Thu Jul 10 08:46:16 +0000 2025,domain_users,ad_jira_red,dna_aws_hpc,OMERO-Users,REDDP_READER_P,,,,,,,,,,,,,,,,,,,,
aydx,278815290,1432000513,domain_users,Fri Aug  1 11:35:49 +0000 2025,domain_users,dept105,genetics_ukb65851,genetics_ukb53639,ad_jira_red,dna_aws_hpc,nnrco,step_genetics,datahub-dept105,datahub-genetics-ukb53639,,,,,,,,,,,,,,,
aywy,1022247553,1432000513,domain_users,Mon Aug  4 13:54:27 +0000 2025,domain_users,dept105,genetics_ukb53639,ad_jira_red,dna_aws_hpc,nnrco,datahub-genetics-ukb53639,TORCH,,,,,,,,,,,,,,,,,
baja,856726522,1432000513,domain_users,Wed Jul  2 08:23:44 +0000 2025,domain_users,dna_aws_hpc,REDDP_READER_P,nngmp0050e1c3icl,,,,,,,,,,,,,,,,,,,,,
bbnd,278813227,1432000513,domain_users,**Never logged in**,domain_users,ad_jira_red,dna_aws_hpc,,,,,,,,,,,,,,,,,,,,,,
bdhk,1022249606,1432000513,domain_users,**Never logged in**,domain_users,mi,dna_aws_hpc,REDDP_READER_P,,,,,,,,,,,,,,,,,,,,,
bitm,856700979,1432000513,domain_users,**Never logged in**,domain_users,dna_aws_hpc,red-dp,reddp-dpt-img-dev-r,reddp-dpt-meta-dev-r,reddp-dpt-img-prd-r,reddp-dpt-meta-prd-r,REDDP_READER_P,,,,,,,,,,,,,,,,,
bkgi,981227836,1432000513,domain_users,**Never logged in**,domain_users,ad_jira_red,dna_aws_hpc,red-dp-reader-imaging-externaldata,dewp_image_analys,red-dp-tddp-endothelialcell-prod-reader,novomorph,reddp-dpt-img-dev-r,reddp-dpt-meta-dev-r,reddp-dpt-img-prd-r,reddp-dpt-meta-prd-r,OMERO-Users,REDDP_READER_P,reddp-dpt-img-prd-d,reddp_tde_hci_img_r,,,,,,,,,,
bkts,481875352,1432000513,domain_users,**Never logged in**,domain_users,dna_aws_hpc,,,,,,,,,,,,,,,,,,,,,,,
bmoa,447632454,1432000513,domain_users,**Never logged in**,domain_users,dna_aws_hpc,,,,,,,,,,,,,,,,,,,,,,,
bnhv,447760326,1432000513,domain_users,**Never logged in**,domain_users,dna_aws_hpc,red-dp,TnT-Admin,,,,,,,,,,,,,,,,,,,,,
bnio,481941134,1432000513,domain_users,**Never logged in**,domain_users,dna_aws_hpc,REDDP_READER_P,,,,,,,,,,,,,,,,,,,,,,
bohc,1022271507,1432000513,domain_users,Wed Jul  9 13:28:32 +0000 2025,domain_users,dna_aws_hpc,ad_jira_red,,,,,,,,,,,,,,,,,,,,,,
brbt,1432132045,1432000513,domain_users,**Never logged in**,domain_users,dna_aws_hpc,REDDP_READER_P,,,,,,,,,,,,,,,,,,,,,,
bry,1022247474,1432000513,domain_users,Tue Jul 15 09:13:00 +0000 2025,domain_users,dna_aws_hpc,rdd,AntibodyDesign,,,,,,,,,,,,,,,,,,,,,
bsck,856610372,1432000513,domain_users,**Never logged in**,domain_users,ad_jira_red,dna_aws_hpc,liver_biology_colab,OMERO-Users,,,,,,,,,,,,,,,,,,,,
bsde,1003060511,1432000513,domain_users,**Never logged in**,domain_users,dna_aws_hpc,step_genetics,,,,,,,,,,,,,,,,,,,,,,
bsoz,447648969,1432000513,domain_users,**Never logged in**,domain_users,dna_aws_hpc,red-dp,TnT-Admin,REDDP_READER_P,,,,,,,,,,,,,,,,,,,,
btaq,856722848,1432000513,domain_users,**Never logged in**,domain_users,dna_aws_hpc,REDDP_READER_P,,,,,,,,,,,,,,,,,,,,,,
bwah,1348627767,1432000513,domain_users,Mon Aug  4 12:51:39 +0000 2025,domain_users,rstudio-admins,dept105,dna_aws_hpc,REDDP_READER_P,,,,,,,,,,,,,,,,,,,,
bzgz,1562237861,1432000513,domain_users,**Never logged in**,domain_users,dna_aws_hpc,,,,,,,,,,,,,,,,,,,,,,,
caku,1562222898,1432000513,domain_users,Wed Jul 30 12:10:18 +0000 2025,domain_users,dna_aws_hpc,,,,,,,,,,,,,,,,,,,,,,,
cbjb,945475770,1432000513,domain_users,**Never logged in**,domain_users,dna_aws_hpc,REDDP_READER_P,,,,,,,,,,,,,,,,,,,,,,
cbpy,856782322,1432000513,domain_users,**Never logged in**,domain_users,dna_aws_hpc,,,,,,,,,,,,,,,,,,,,,,,
ceua,1022200587,1432000513,domain_users,**Never logged in**,domain_users,ad_jira_red,dna_aws_hpc,datahub-genetics-ukb53639,,,,,,,,,,,,,,,,,,,,,
cinu,856701758,1432000513,domain_users,**Never logged in**,domain_users,cdd,ad_jira_red,dna_aws_hpc,nn_bdas_reader,REDDP_READER_P,,,,,,,,,,,,,,,,,,,
cltd,206904012,1432000513,domain_users,**Never logged in**,domain_users,dna_aws_hpc,edison,,,,,,,,,,,,,,,,,,,,,,
cnqi,1022200568,1432000513,domain_users,Fri Jul 25 12:13:11 +0000 2025,domain_users,dept105,genetics_ukb53639,ad_jira_red,dna_aws_hpc,nnrco,datahub-genetics-ukb53639,,,,,,,,,,,,,,,,,,
cpdm,1348744710,1432000513,domain_users,**Never logged in**,domain_users,isoseq_dicerna_compbio,sysbiotarget,ad_jira_red,dna_aws_hpc,liver_biology_colab,nnrco,red-dp,REDDP_READER_P,seqplat_ws_scrnaseq,vascular_spatial_atlas,datahub-aidr-arc-ctc-tahoe100-reader,,,,,,,,,,,,,
cpjb,856711416,1432000513,domain_users,Mon Jul 14 20:12:11 +0000 2025,domain_users,dna_aws_hpc,rdd,REDDP_READER_P,aintibody,,,,,,,,,,,,,,,,,,,,
csoz,1022200529,1432000513,domain_users,**Never logged in**,domain_users,mi,dna_aws_hpc,REDDP_READER_P,,,,,,,,,,,,,,,,,,,,,
ctqs,206915632,1432000513,domain_users,**Never logged in**,domain_users,mi,dna_aws_hpc,REDDP_READER_P,,,,,,,,,,,,,,,,,,,,,
cvin,1432010725,1432000513,domain_users,**Never logged in**,domain_users,ad_jira_red,dna_aws_hpc,REDDP_READER_P,,,,,,,,,,,,,,,,,,,,,
cvli,856747529,1432000513,domain_users,**Never logged in**,domain_users,ad_jira_red,dna_aws_hpc,REDDP_READER_P,,,,,,,,,,,,,,,,,,,,,
cvlz,856711479,1432000513,domain_users,**Never logged in**,domain_users,ad_jira_red,dna_aws_hpc,gnat_sysbio,seqplat_ws_GNAT,REDDP_READER_P,,,,,,,,,,,,,,,,,,,
cvwj,1562237935,1432000513,domain_users,Wed Jul 30 06:33:45 +0000 2025,domain_users,dna_aws_hpc,nlp_rag,,,,,,,,,,,,,,,,,,,,,,
cvzl,573569341,1432000513,domain_users,**Never logged in**,domain_users,ad_jira_red,dna_aws_hpc,gnat_sysbio,REDDP_READER_P,NAR_SysBio_VisiumHD,,,,,,,,,,,,,,,,,,,
cvzr,573498531,1432000513,domain_users,**Never logged in**,domain_users,dna_aws_hpc,,,,,,,,,,,,,,,,,,,,,,,
cxrh,481875554,1432000513,domain_users,**Never logged in**,domain_users,dna_aws_hpc,,,,,,,,,,,,,,,,,,,,,,,
cyem,981278790,1432000513,domain_users,Wed Jul 23 15:02:28 +0000 2025,domain_users,dept105,ukb_proteomics,genetics_ukb65851,Backman2021_WES,ukb_wes,genetics_ukb53639,ad_jira_red,dna_aws_hpc,nnrco,step_genetics,datahub-dept105,REDDP_READER_P,,,,,,,,,,,,
cylf,1022249207,1432000513,domain_users,**Never logged in**,domain_users,dna_aws_hpc,,,,,,,,,,,,,,,,,,,,,,,
cyqj,447745421,1432000513,domain_users,**Never logged in**,domain_users,dna_aws_hpc,,,,,,,,,,,,,,,,,,,,,,,
czjs,1562297329,1432000513,domain_users,**Never logged in**,domain_users,dept105,isoseq_dicerna_compbio,sysbiotarget,genetics_ukb53639,dna_aws_hpc,nnrco,mlobesity,,,,,,,,,,,,,,,,,
dawd,856777781,1432000513,domain_users,Tue Jul 29 18:57:01 +0000 2025,domain_users,isoseq_dicerna_compbio,sysbiotarget,adv-omics,ad_jira_red,dna_aws_hpc,red-dp,longread_adipose,REDDP_READER_P,intercept,seqplat_ws_scrnaseq,datahub-genetics-ukb53639,,,,,,,,,,,,,
dbvm,447632147,1432000513,domain_users,**Never logged in**,domain_users,dna_aws_hpc,REDDP_READER_P,,,,,,,,,,,,,,,,,,,,,,
ddrd,648940501,1432000513,domain_users,**Never logged in**,domain_users,cdd,massif_seed_library,ad_jira_red,dna_aws_hpc,red-dp,REDDP_READER_P,nn_bdas_reader,,,,,,,,,,,,,,,,,
dgme,481948052,1432000513,domain_users,**Never logged in**,domain_users,dna_aws_hpc,REDDP_READER_P,,,,,,,,,,,,,,,,,,,,,,
dipm,981225441,1432000513,domain_users,**Never logged in**,domain_users,dna_aws_hpc,red-dp,,,,,,,,,,,,,,,,,,,,,,
dkei,856721063,1432000513,domain_users,Thu Jun 19 08:39:59 +0000 2025,domain_users,ad_jira_red,dna_aws_hpc,liver_biology_colab,nnrco,biobeat,red-dp,datahub-genetics-ukb53639,nn_bdas_reader,REDDP_READER_P,seqplat_ws_scrnaseq,,,,,,,,,,,,,,
dmnt,1003053386,1432000513,domain_users,**Never logged in**,domain_users,dna_aws_hpc,,,,,,,,,,,,,,,,,,,,,,,
dmqs,981244878,1432000513,domain_users,**Never logged in**,domain_users,dna_aws_hpc,REDDP_READER_P,datahub-210-admin,,,,,,,,,,,,,,,,,,,,,
dmsn,981219670,1432000513,domain_users,Mon Aug  4 21:39:46 +0000 2025,domain_users,dept105,local_ukbiobank,ukb_proteomics,genetics_ukb65851,Backman2021_WES,GWAS_SumStat,mrsmith,aagenetics,bikeki,applygtex,genetics_ukb53639,ad_jira_red,dna_aws_hpc,nnrco,MassivePxP,datahub-dept105,REDDP_READER_P,DMSN_WDRM,datahub-genetics-ukb53639,,,,,
dnnm,1432036748,1432000513,domain_users,**Never logged in**,domain_users,REDDP_READER_P,ad_jira_red,dna_aws_hpc,,,,,,,,,,,,,,,,,,,,,
dnvm,1348628020,1432000513,domain_users,Tue Jul  1 11:02:21 +0000 2025,domain_users,safety_landscape,ad_jira_red,dna_aws_hpc,,,,,,,,,,,,,,,,,,,,,
dpkn,856701637,1432000513,domain_users,**Never logged in**,domain_users,cdd,dna_aws_hpc,REDDP_READER_P,,,,,,,,,,,,,,,,,,,,,
dpqa,856761367,1432000513,domain_users,Mon Aug  4 19:56:40 +0000 2025,domain_users,rstudio-admins,admin-marjorie,admin-lovelace,dna_aws_hpc,REDDP_READER_P,,,,,,,,,,,,,,,,,,,
dprv,1562237776,1432000513,domain_users,**Never logged in**,domain_users,dna_aws_hpc,OMERO-Users,REDDP_READER_P,,,,,,,,,,,,,,,,,,,,,
drtv,856711328,1432000513,domain_users,**Never logged in**,domain_users,ad_jira_red,dna_aws_hpc,REDDP_READER_P,,,,,,,,,,,,,,,,,,,,,
drugseq,1022241221,1432000513,domain_users,Thu Jul 31 07:52:40 +0000 2025,domain_users,dna_aws_hpc,REDDP_READER_P,,,,,,,,,,,,,,,,,,,,,,
dsyu,856758067,1432000513,domain_users,**Never logged in**,domain_users,ad_jira_red,dna_aws_hpc,REDDP_READER_P,,,,,,,,,,,,,,,,,,,,,
dyvl,1022258962,1432000513,domain_users,Mon Aug  4 16:00:14 +0000 2025,domain_users,ad_jira_red,dna_aws_hpc,DD_AWS_Image_Solutions,REDDP_OPCOB_OMICS_READER,GFS_POC_Image_Solutions,,,,,,,,,,,,,,,,,,,
dzbo,981256628,1432000513,domain_users,**Never logged in**,domain_users,dna_aws_hpc,REDDP_READER_P,,,,,,,,,,,,,,,,,,,,,,
eawy,856782517,1432000513,domain_users,Thu Jul 24 17:55:55 +0000 2025,domain_users,dna_aws_hpc,NNmegaTAL,mega,,,,,,,,,,,,,,,,,,,,,
efav,856754405,1432000513,domain_users,**Never logged in**,domain_users,dna_aws_hpc,TDDP,red-dp,TnT-Admin,reddp-dpt-img-dev-r,reddp-dpt-meta-dev-r,reddp-dpt-img-prd-r,reddp-dpt-meta-prd-r,REDDP_READER_P,,,,,,,,,,,,,,,
efzo,1104581822,1432000513,domain_users,Mon Jun 30 06:50:51 +0000 2025,domain_users,dna_aws_hpc,,,,,,,,,,,,,,,,,,,,,,,
ekmp,1022274882,1432000513,domain_users,**Never logged in**,domain_users,cdd,dna_aws_hpc,nn_bdas_reader,REDDP_READER_P,,,,,,,,,,,,,,,,,,,,
ekzv,856797401,1432000513,domain_users,**Never logged in**,domain_users,genetics_ukb53639,dna_aws_hpc,biobeat,datahub-genetics-ukb53639,comphealth,,,,,,,,,,,,,,,,,,,
encu,856782597,1432000513,domain_users,**Never logged in**,domain_users,dna_aws_hpc,NNmegaTAL,mega,,,,,,,,,,,,,,,,,,,,,
endk,1022201261,1432000513,domain_users,Sun Jun 22 08:54:36 +0000 2025,domain_users,dna_aws_hpc,REDDP_READER_P,AntibodyDesign,,,,,,,,,,,,,,,,,,,,,
entm,206830998,1432000513,domain_users,Mon Jul 28 14:38:51 +0000 2025,domain_users,DF_KG,local_ukbiobank,nnrco_tci,isoseq_dicerna_compbio,sysbiotarget,mdu,genetics_ukb53639,ad_jira_red,dna_aws_hpc,nnrco,datahub-mdu,REDDP_READER_P,dewp_image_analys,,,,,,,,,,,
epfz,1022269873,1432000513,domain_users,**Never logged in**,domain_users,dna_aws_hpc,reddp_tde_hci_img_r,,,,,,,,,,,,,,,,,,,,,,
epru,1022281978,1432000513,domain_users,**Never logged in**,domain_users,dna_aws_hpc,,,,,,,,,,,,,,,,,,,,,,,
eqmt,981311753,1432000513,domain_users,Mon Aug  4 13:15:47 +0000 2025,domain_users,dept105,ukb_proteomics,genetics_ukb65851,Backman2021_WES,aagenetics,genetics_ukb53639,ad_jira_red,genetics_starnet,dna_aws_hpc,nnrco,step_genetics,datahub-finngen-ukbb,datahub-dept105,tde_campaigns,,,,,,,,,,
evjh,1432119242,1432000513,domain_users,**Never logged in**,domain_users,417_AKA_offline,dna_aws_hpc,,,,,,,,,,,,,,,,,,,,,,
ezed,278813572,1432000513,domain_users,**Never logged in**,domain_users,dna_aws_hpc,datahub-genetics-ukb53639,,,,,,,,,,,,,,,,,,,,,,
fdjl,1022239061,1432000513,domain_users,**Never logged in**,domain_users,dna_aws_hpc,REDDP_READER_P,,,,,,,,,,,,,,,,,,,,,,
feob,856774313,1432000513,domain_users,Mon Aug  4 07:50:42 +0000 2025,domain_users,dna_aws_hpc,REDDP_READER_P,,,,,,,,,,,,,,,,,,,,,,
flgs,856641100,1432000513,domain_users,Wed Jun 18 07:08:12 +0000 2025,domain_users,dna_aws_hpc,,,,,,,,,,,,,,,,,,,,,,,
flkg,1022247538,1432000513,domain_users,**Never logged in**,domain_users,ad_jira_red,dna_aws_hpc,nlp_rag,hpc_scientific_intelligence,,,,,,,,,,,,,,,,,,,,
flpa,856776937,1432000513,domain_users,Fri Jul 25 16:10:30 +0000 2025,domain_users,ad_jira_red,dna_aws_hpc,APC,seqplat_ws_scrnaseq,,,,,,,,,,,,,,,,,,,,
fmkz,856782444,1432000513,domain_users,**Never logged in**,domain_users,ad_jira_red,dna_aws_hpc,NNmegaTAL,mega,,,,,,,,,,,,,,,,,,,,
fmob,1022251327,1432000513,domain_users,**Never logged in**,domain_users,seqplat_ws_scrnaseq,dna_aws_hpc,dept105,nnrco,,,,,,,,,,,,,,,,,,,,
fmpk,1022262381,1432000513,domain_users,Tue Jul 29 11:13:25 +0000 2025,domain_users,ad_jira_red,dna_aws_hpc,dewp_image_analys,TnT-Admin,REDDP_READER_P,reddp_tde_hci_img_r,reddp-dpt-img-prd-d,,,,,,,,,,,,,,,,,
frsy,856777012,1432000513,domain_users,**Never logged in**,domain_users,dna_aws_hpc,,,,,,,,,,,,,,,,,,,,,,,
frza,573569527,1432000513,domain_users,**Never logged in**,domain_users,isoseq_dicerna_compbio,ad_jira_red,dna_aws_hpc,gnat_sysbio,REDDP_READER_P,NAR_SysBio_VisiumHD,,,,,,,,,,,,,,,,,,
fyfi,856741082,1432000513,domain_users,**Never logged in**,domain_users,dna_aws_hpc,REDDP_READER_P,,,,,,,,,,,,,,,,,,,,,,
fzgo,573505897,1432000513,domain_users,Mon Aug  4 12:53:45 +0000 2025,domain_users,dna_aws_hpc,nn_bdas_reader,,,,,,,,,,,,,,,,,,,,,,
fzsg,1562397260,1432000513,domain_users,**Never logged in**,domain_users,genetics_ukb65851,genetics_ukb53639,ad_jira_red,dna_aws_hpc,nnrco,mlobesity,edison,datahub-genetics-ukb53639,,,,,,,,,,,,,,,,
gabt,206947886,1432000513,domain_users,**Never logged in**,domain_users,adv-omics,ad_jira_red,dna_aws_hpc,longread_adipose,USLX-LRSeqD-access,REDDP_READER_P,,,,,,,,,,,,,,,,,,
gatl,278897218,1432000513,domain_users,Mon Aug  4 18:26:31 +0000 2025,domain_users,dept105,isoseq_dicerna_compbio,genetics_ukb53639,ad_jira_red,nnrco_nnrcc_genetics,dna_aws_hpc,nnrco,step_genetics,datahub-dept105,REDDP_READER_P,beta_cell_2025,tde_campaigns,datahub-genetics-ukb53639,,,,,,,,,,,
gcma,981244915,1432000513,domain_users,**Never logged in**,domain_users,applygtex,mdu,genetics_ukb53639,ad_jira_red,dna_aws_hpc,nnrco,PPI_correlation_visium,datahub-mdu,REDDP_READER_P,,,,,,,,,,,,,,,
gcrt,278813228,1432000513,domain_users,**Never logged in**,domain_users,sysbiotarget,ad_jira_red,dna_aws_hpc,nnrco,REDDP_READER_P,tde_campaigns,,,,,,,,,,,,,,,,,,
gdcr,1022254276,1432000513,domain_users,**Never logged in**,domain_users,dept105,dna_aws_hpc,nnrco,,,,,,,,,,,,,,,,,,,,,
gesc,1432012704,1432000513,domain_users,**Never logged in**,domain_users,cdd,cryosparc,massif_seed_library,417_AKA_offline,dna_aws_hpc,REDDP_READER_P,,,,,,,,,,,,,,,,,,
gjih,1022250071,1432000513,domain_users,**Never logged in**,domain_users,sysbiotarget,ad_jira_red,dna_aws_hpc,datahub-genetics-ukb53639,REDDP_READER_P,,,,,,,,,,,,,,,,,,,
gmgz,648816845,1432000513,domain_users,Fri Aug  1 09:49:28 +0000 2025,domain_users,dept105,snatac_seq_ascvd,genetics_ukb53639,ad_jira_red,dna_aws_hpc,nnrco,step_genetics,datahub-dept105,datahub-genetics-ukb53639,tde_campaigns,,,,,,,,,,,,,,
gmse,981314752,1432000513,domain_users,**Never logged in**,domain_users,ad_jira_red,dna_aws_hpc,,,,,,,,,,,,,,,,,,,,,,
gomh,1022254142,1432000513,domain_users,**Never logged in**,domain_users,dna_aws_hpc,,,,,,,,,,,,,,,,,,,,,,,
grnu,1022226986,1432000513,domain_users,**Never logged in**,domain_users,dna_aws_hpc,nlp_rag,hpc_scientific_intelligence,,,,,,,,,,,,,,,,,,,,,
gsii,481800917,1432000513,domain_users,**Never logged in**,domain_users,genetics_ukb53639,dna_aws_hpc,REDDP_READER_P,,,,,,,,,,,,,,,,,,,,,
gtmh,206986775,1432000513,domain_users,**Never logged in**,domain_users,ad_jira_red,dna_aws_hpc,REDDP_READER_P,,,,,,,,,,,,,,,,,,,,,
gtrm,206978565,1432000513,domain_users,**Never logged in**,domain_users,dna_aws_hpc,OMERO-Users,REDDP_READER_P,,,,,,,,,,,,,,,,,,,,,
gzhg,981311757,1432000513,domain_users,Mon Jul 28 12:51:40 +0000 2025,domain_users,dept105,ukb_proteomics,genetics_ukb65851,Backman2021_WES,aagenetics,genetics_ukb53639,ad_jira_red,dna_aws_hpc,nnrco,biobeat,datahub-dept105,datahub-genetics-ukb53639,TORCH,,,,,,,,,,,
hchy,981244758,1432000513,domain_users,**Never logged in**,domain_users,cdd,massif_seed_library,minibinders_library,ad_jira_red,dna_aws_hpc,REDDP_READER_P,,,,,,,,,,,,,,,,,,
hcnw,1022227067,1432000513,domain_users,**Never logged in**,domain_users,ad_jira_red,dna_aws_hpc,,,,,,,,,,,,,,,,,,,,,,
hct,589639811,1432000513,domain_users,**Never logged in**,domain_users,ad_jira_red,dna_aws_hpc,NNmegaTAL,mega,USLX-LRSeqD-access,REDDP_READER_P,,,,,,,,,,,,,,,,,,
hecg,278975813,1432000513,domain_users,Mon Aug  4 14:59:36 +0000 2025,domain_users,dept105,genetics_ukb65851,genetics_ukb53639,ad_jira_red,genetics_starnet,dna_aws_hpc,nnrco,datahub-finngen-ukbb,datahub-ldscore,datahub-dept105,datahub-genetics-ukb53639,datahub-dept-105-admin,,,,,,,,,,,,
hfsg,1022239078,1432000513,domain_users,Mon Aug  4 20:36:02 +0000 2025,domain_users,dna_aws_hpc,nlp_rag,hpc_scientific_intelligence,,,,,,,,,,,,,,,,,,,,,
hhht,1022285286,1432000513,domain_users,**Never logged in**,domain_users,dna_aws_hpc,DD_AWS_Image_Solutions,GFS_POC_Image_Solutions,,,,,,,,,,,,,,,,,,,,,
hhkw,1003073859,1432000513,domain_users,**Never logged in**,domain_users,dna_aws_hpc,REDDP_READER_P,,,,,,,,,,,,,,,,,,,,,,
hhsd,1022294125,1432000513,domain_users,Mon Aug  4 13:11:48 +0000 2025,domain_users,dna_aws_hpc,genetics_ukb53639,datahub-genetics-ukb53639,,,,,,,,,,,,,,,,,,,,,
hhvd,206918732,1432000513,domain_users,**Never logged in**,domain_users,ad_jira_red,dna_aws_hpc,OMERO-Users,REDDP_READER_P,REDDP_OPCOB_OMICS_READER,vascular_spatial_atlas,,,,,,,,,,,,,,,,,,
hipn,856747520,1432000513,domain_users,**Never logged in**,domain_users,dna_aws_hpc,ga_shared,REDDP_READER_P,ad_jira_red,,,,,,,,,,,,,,,,,,,,
hiwt,409108679,1432000513,domain_users,**Never logged in**,domain_users,mdu,ad_jira_red,dna_aws_hpc,nngmp0050e1c3icl,seqplat_ws_scrnaseq,,,,,,,,,,,,,,,,,,,
hjou,1003053390,1432000513,domain_users,**Never logged in**,domain_users,ad_jira_red,dna_aws_hpc,REDDP_READER_P,,,,,,,,,,,,,,,,,,,,,
hlrp,856761339,1432000513,domain_users,**Never logged in**,domain_users,dna_aws_hpc,,,,,,,,,,,,,,,,,,,,,,,
hlvn,1022249628,1432000513,domain_users,**Never logged in**,domain_users,ad_jira_red,dna_aws_hpc,comphealth,,,,,,,,,,,,,,,,,,,,,
hmck,856711420,1432000513,domain_users,**Never logged in**,domain_users,ad_jira_red,dna_aws_hpc,red-dp,TnT-Admin,REDDP_READER_P,,,,,,,,,,,,,,,,,,,
hnsw,648881025,1432000513,domain_users,**Never logged in**,domain_users,ad_jira_red,dna_aws_hpc,REDDP_READER_P,,,,,,,,,,,,,,,,,,,,,
hrnz,981256948,1432000513,domain_users,**Never logged in**,domain_users,dna_aws_hpc,,,,,,,,,,,,,,,,,,,,,,,
hspu,481800961,1432000513,domain_users,**Never logged in**,domain_users,dna_aws_hpc,REDDP_READER_P,,,,,,,,,,,,,,,,,,,,,,
hswh,1022249803,1432000513,domain_users,**Never logged in**,domain_users,dna_aws_hpc,nlp_rag,,,,,,,,,,,,,,,,,,,,,,
hydn,1022260181,1432000513,domain_users,**Never logged in**,domain_users,ad_jira_red,dna_aws_hpc,,,,,,,,,,,,,,,,,,,,,,
hymj,856610587,1432000513,domain_users,Wed Jul 23 13:38:27 +0000 2025,domain_users,rstudio-admins,grs,admin-marjorie,admin-lovelace,dna_aws_hpc,REDDP_READER_P,,,,,,,,,,,,,,,,,,
hynj,481828546,1432000513,domain_users,Tue Jul 15 14:36:26 +0000 2025,domain_users,ad_jira_red,dna_aws_hpc,gnat_sysbio,,,,,,,,,,,,,,,,,,,,,
idbm,856718247,1432000513,domain_users,**Never logged in**,domain_users,dna_aws_hpc,datahub-210-admin,,,,,,,,,,,,,,,,,,,,,,
idje,856754594,1432000513,domain_users,**Never logged in**,domain_users,dna_aws_hpc,REDDP_READER_P,REDDP_OPCOB_OMICS_READER,,,,,,,,,,,,,,,,,,,,,
iira,1258829181,1432000513,domain_users,**Never logged in**,domain_users,dna_aws_hpc,REDDP_READER_P,,,,,,,,,,,,,,,,,,,,,,
ijdn,1003037286,1432000513,domain_users,Tue Jul 22 03:46:23 +0000 2025,domain_users,ad_jira_red,nnrco_nnrcc_genetics,dna_aws_hpc,red-dp-tddp-endothelialcell-prod-reader,red-dp,REDDP_READER_P,seqplat_ws_scrnaseq,ric,tde_campaigns,,,,,,,,,,,,,,,
ilhf,1022218094,1432000513,domain_users,Sat Jul 12 12:32:30 +0000 2025,domain_users,sysbiotarget,ad_jira_red,dna_aws_hpc,REDDP_READER_P,,,,,,,,,,,,,,,,,,,,
imhr,481804408,1432000513,domain_users,**Never logged in**,domain_users,ad_jira_red,dna_aws_hpc,REDDP_READER_P,,,,,,,,,,,,,,,,,,,,,
iqom,1022291615,1432000513,domain_users,Wed Jul  9 19:43:17 +0000 2025,domain_users,dna_aws_hpc,cdd,,,,,,,,,,,,,,,,,,,,,,
irvi,1022249380,1432000513,domain_users,Mon Aug  4 19:29:36 +0000 2025,domain_users,ad_jira_red,dna_aws_hpc,datahub-genetics-ukb53639,,,,,,,,,,,,,,,,,,,,,
japf,981253450,1432000513,domain_users,Mon Aug  4 10:58:17 +0000 2025,domain_users,dept105,local_ukbiobank,ukb_proteomics,genetics_ukb65851,isoseq_dicerna_compbio,genetics_ukb53639,ad_jira_red,dna_aws_hpc,nnrco,PPI_correlation_visium,datahub-finngen-ukbb,datahub-dept105,datahub-genetics-ukb53639,tde_campaigns,,,,,,,,,,
jfgb,589778011,1432000513,domain_users,**Never logged in**,domain_users,aagenetics,mi,dna_aws_hpc,ST-GE-PredBenchm,REDDP_READER_P,,,,,,,,,,,,,,,,,,,
jfjm,447745112,1432000513,domain_users,**Never logged in**,domain_users,dna_aws_hpc,,,,,,,,,,,,,,,,,,,,,,,
jfmw,856777787,1432000513,domain_users,Tue Jun 17 14:24:24 +0000 2025,domain_users,cdd,ad_jira_red,dna_aws_hpc,nn_bdas_reader,REDDP_READER_P,,,,,,,,,,,,,,,,,,,
jfvs,573498440,1432000513,domain_users,Fri Jul 25 11:46:57 +0000 2025,domain_users,eye_imaging,genetics_ukb53639,dna_aws_hpc,datahub-genetics-ukb53639,imegimaging,,,,,,,,,,,,,,,,,,,
jgks,573498593,1432000513,domain_users,**Never logged in**,domain_users,dna_aws_hpc,,,,,,,,,,,,,,,,,,,,,,,
jizr,206934521,1432000513,domain_users,**Never logged in**,domain_users,ad_jira_red,dna_aws_hpc,,,,,,,,,,,,,,,,,,,,,,
jjlx,856754269,1432000513,domain_users,**Never logged in**,domain_users,dna_aws_hpc,REDDP_READER_P,ad_jira_red,bdq,,,,,,,,,,,,,,,,,,,,
jkvg,1022289633,1432000513,domain_users,**Never logged in**,domain_users,ad_jira_red,dna_aws_hpc,REDDP_READER_P,tdsu,datahub-genetics-ukb53639,,,,,,,,,,,,,,,,,,,
jlze,981231020,1432000513,domain_users,**Never logged in**,domain_users,ad_jira_red,dna_aws_hpc,REDDP_READER_P,,,,,,,,,,,,,,,,,,,,,
jnvy,573569331,1432000513,domain_users,**Never logged in**,domain_users,cdd,ad_jira_red,dna_aws_hpc,gnat_sysbio,nn_bdas_reader,seqplat_ws_GNAT,,,,,,,,,,,,,,,,,,
jqoc,573498590,1432000513,domain_users,**Never logged in**,domain_users,ad_jira_red,dna_aws_hpc,REDDP_READER_P,,,,,,,,,,,,,,,,,,,,,
jrjl,206912337,1432000513,domain_users,**Never logged in**,domain_users,ad_jira_red,dna_aws_hpc,,,,,,,,,,,,,,,,,,,,,,
jtju,648987486,1432000513,domain_users,**Never logged in**,domain_users,ad_jira_red,dna_aws_hpc,dept7340,seqplat_ws_Genome_Edit,REDDP_READER_P,,,,,,,,,,,,,,,,,,,
jvdj,447685279,1432000513,domain_users,**Never logged in**,domain_users,cdd,ad_jira_red,dna_aws_hpc,REDDP_READER_P,,,,,,,,,,,,,,,,,,,,
jvkm,856706530,1432000513,domain_users,**Never logged in**,domain_users,cdd,omero-server,dna_aws_hpc,novomorph,DD_AWS_Image_Solutions,OMERO-Users,novomorph-admins,GFS_POC_Image_Solutions,,,,,,,,,,,,,,,,
jwlx,648843408,1432000513,domain_users,Sat Aug  2 11:40:54 +0000 2025,domain_users,dept105,genetics_ukb65851,ppp_jwlx,genetics_ukb53639,dna_aws_hpc,nnrco,datahub-dept105,datahub-genetics-ukb53639,,,,,,,,,,,,,,,,
jwrj,278923611,1432000513,domain_users,**Never logged in**,domain_users,dna_aws_hpc,,,,,,,,,,,,,,,,,,,,,,,
jxmm,648903532,1432000513,domain_users,**Never logged in**,domain_users,cdd,adv-omics,mdu,ad_jira_red,dna_aws_hpc,nnrco,datahub-mdu,biobeat,red-dp,datahub-genetics-ukb53639,OMERO-Users,REDDP_READER_P,seqplat_ws_scrnaseq,cardio-renal,datahub-210-admin,vascular_spatial_atlas,sysbiotarget,tde_campaigns,tdsu,,,,,
jyqg,206826191,1432000513,domain_users,Tue Jul  1 08:13:29 +0000 2025,domain_users,mdu,dna_aws_hpc,REDDP_READER_P,metabolic_disease_research_sequencing,RNAseq_Adipose_Endothelial_ZTML,datahub-210-admin,ad_jira_red,,,,,,,,,,,,,,,,,
jzrk,1562222767,1432000513,domain_users,Sat Jul 19 08:51:56 +0000 2025,domain_users,step_access_group,ukb_t2d_def,local_ukbiobank,apt_users,genetics_ukb65851,isoseq_dicerna_compbio,sysbiotarget,adv-omics,genetics_ukb53639,ad_jira_red,dna_aws_hpc,nnrco,mlobesity,red-dp-reader-imaging-externaldata,datahub-genetics-ukb53639,reddp-dpt-img-dev-r,reddp-dpt-meta-dev-r,reddp-dpt-img-prd-r,reddp-dpt-meta-prd-r,REDDP_READER_P,novomorph-ds-users,REDDP_OPCOB_OMICS_READER,reddp-dpt-img-prd-d,reddp_tde_hci_img_r
kavz,981314630,1432000513,domain_users,**Never logged in**,domain_users,dna_aws_hpc,REDDP_READER_P,,,,,,,,,,,,,,,,,,,,,,
kcf,1432015375,1432000513,domain_users,**Never logged in**,domain_users,ad_jira_red,dna_aws_hpc,REDDP_READER_P,,,,,,,,,,,,,,,,,,,,,
kcsl,856700813,1432000513,domain_users,**Never logged in**,domain_users,cdd,dna_aws_hpc,REDDP_READER_P,,,,,,,,,,,,,,,,,,,,,
kdsu,447745718,1432000513,domain_users,**Never logged in**,domain_users,dna_aws_hpc,datahub-genetics-ukb53639,,,,,,,,,,,,,,,,,,,,,,
kegs,648987465,1432000513,domain_users,**Never logged in**,domain_users,genetics_ukb65851,genetics_ukb53639,dna_aws_hpc,step_genetics,datahub-genetics-ukb53639,nn_bdas_reader,,,,,,,,,,,,,,,,,,
kfni,981217223,1432000513,domain_users,Thu Jul 10 09:22:49 +0000 2025,domain_users,ad_jira_red,dna_aws_hpc,OMERO-Users,REDDP_READER_P,,,,,,,,,,,,,,,,,,,,
kfsq,1432115341,1432000513,domain_users,**Never logged in**,domain_users,nnrco_cph,dna_aws_hpc,cph_cprd,,,,,,,,,,,,,,,,,,,,,
khgq,278815294,1432000513,domain_users,**Never logged in**,domain_users,genetics_starnet,dna_aws_hpc,step_genetics,,,,,,,,,,,,,,,,,,,,,
khjy,945590513,1432000513,domain_users,**Never logged in**,domain_users,dept105,dna_aws_hpc,nnrco,,,,,,,,,,,,,,,,,,,,,
khlc,981273731,1432000513,domain_users,**Never logged in**,domain_users,ad_jira_red,dna_aws_hpc,REDDP_READER_P,,,,,,,,,,,,,,,,,,,,,
khvm,573569425,1432000513,domain_users,Thu Jun 26 18:20:22 +0000 2025,domain_users,dna_aws_hpc,,,,,,,,,,,,,,,,,,,,,,,
kjtu,1022246171,1432000513,domain_users,**Never logged in**,domain_users,dna_aws_hpc,REDDP_READER_P,,,,,,,,,,,,,,,,,,,,,,
kniv,856776940,1432000513,domain_users,**Never logged in**,domain_users,ad_jira_red,dna_aws_hpc,dept7340,,,,,,,,,,,,,,,,,,,,,
kobh,1258952417,1432000513,domain_users,**Never logged in**,domain_users,dna_aws_hpc,,,,,,,,,,,,,,,,,,,,,,,
kqtm,447607248,1432000513,domain_users,**Never logged in**,domain_users,cdd,sysbiotarget,mi,dna_aws_hpc,dewp_image_analys,red-dp,reddp-dpt-img-prd-r,reddp-dpt-meta-prd-r,mi-imaging,REDDP_READER_P,reddp-dpt-img-prd-d,,,,,,,,,,,,,
kqwb,1022280495,1432000513,domain_users,Thu Jul  3 14:14:00 +0000 2025,domain_users,sysbiotarget,dna_aws_hpc,REDDP_READER_P,novomorph-ds-users,reddp_tde_hci_img_r,OMERO-Users,,,,,,,,,,,,,,,,,,
krmb,589706498,1432000513,domain_users,**Never logged in**,domain_users,ad_jira_red,dna_aws_hpc,biobeat,red-dp,cardio-renal,REDDP_READER_P,,,,,,,,,,,,,,,,,,
kswo,1022204282,1432000513,domain_users,**Never logged in**,domain_users,dna_aws_hpc,,,,,,,,,,,,,,,,,,,,,,,
ktdb,981227684,1432000513,domain_users,**Never logged in**,domain_users,cdd,ad_jira_red,dna_aws_hpc,REDDP_READER_P,,,,,,,,,,,,,,,,,,,,
kvyc,1022201488,1432000513,domain_users,**Never logged in**,domain_users,ad_jira_red,dna_aws_hpc,,,,,,,,,,,,,,,,,,,,,,
kxgl,1022201350,1432000513,domain_users,**Never logged in**,domain_users,dna_aws_hpc,datahub-genetics-ukb53639,,,,,,,,,,,,,,,,,,,,,,
kzds,856782452,1432000513,domain_users,**Never logged in**,domain_users,dna_aws_hpc,NNmegaTAL,mega,,,,,,,,,,,,,,,,,,,,,
ldte,856783709,1432000513,domain_users,Wed Jul 30 09:06:58 +0000 2025,domain_users,ad_jira_red,dna_aws_hpc,bdq,,,,,,,,,,,,,,,,,,,,,
lfsz,1022239080,1432000513,domain_users,**Never logged in**,domain_users,ad_jira_red,dna_aws_hpc,,,,,,,,,,,,,,,,,,,,,,
lglm,481804257,1432000513,domain_users,**Never logged in**,domain_users,dept105,genetics_ukb65851,genetics_ukb53639,ad_jira_red,dna_aws_hpc,nnrco,datahub-dept105,tde_campaigns,,,,,,,,,,,,,,,,
lgnb,447685565,1432000513,domain_users,**Never logged in**,domain_users,dna_aws_hpc,liver_biology_colab,,,,,,,,,,,,,,,,,,,,,,
lgyc,981201625,1432000513,domain_users,Mon Aug  4 12:56:45 +0000 2025,domain_users,dept105,nnrco_prs_ml,ukb_proteomics,genetics_ukb65851,Backman2021_WES,aagenetics,genetics_ukb53639,ad_jira_red,dna_aws_hpc,nnrco,datahub-dept105,REDDP_READER_P,tde_campaigns,,,,,,,,,,,
livedesign-compute,1022288243,1432000513,domain_users,**Never logged in**,domain_users,dna_aws_hpc,cdd,,,,,,,,,,,,,,,,,,,,,,
liwd,1022249703,1432000513,domain_users,**Never logged in**,domain_users,dept105,ad_jira_red,dna_aws_hpc,nnrco,,,,,,,,,,,,,,,,,,,,
ljsy,856740728,1432000513,domain_users,**Never logged in**,domain_users,dna_aws_hpc,REDDP_READER_P,,,,,,,,,,,,,,,,,,,,,,
lkpa,981239827,1432000513,domain_users,**Never logged in**,domain_users,ad_jira_red,dna_aws_hpc,,,,,,,,,,,,,,,,,,,,,,
lksy,856761404,1432000513,domain_users,**Never logged in**,domain_users,genetics_ukb53639,dna_aws_hpc,imegimaging,,,,,,,,,,,,,,,,,,,,,
lljg,206841061,1432000513,domain_users,**Never logged in**,domain_users,ad_jira_red,dna_aws_hpc,red-dp-tddp-endothelialcell-prod-reader,REDDP_READER_P,ric,beta_cell_2025,,,,,,,,,,,,,,,,,,
lloi,856700645,1432000513,domain_users,Tue Jul 29 11:21:04 +0000 2025,domain_users,ad_jira_red,dna_aws_hpc,REDDP_READER_P,,,,,,,,,,,,,,,,,,,,,
lmhd,206861739,1432000513,domain_users,**Never logged in**,domain_users,mdu,genetics_ukb53639,ad_jira_red,dna_aws_hpc,nnrco,datahub-mdu,REDDP_READER_P,seqplat_ws_scrnaseq,,,,,,,,,,,,,,,,
lnyj,206990952,1432000513,domain_users,Fri Jul 18 12:13:45 +0000 2025,domain_users,nnedl_selfservice_ds_nnrcoagile,rstudio-admins,dept105,t_group,grs,genetics_ukb65851,bikeki,crdfshared,mdu,admin-marjorie,admin-lovelace,dna_aws_hpc,nnrco,datahub-mdu,datahub-dept105,REDDP_READER_P,,,,,,,,
lvbl,447745473,1432000513,domain_users,Sat Aug  2 10:15:08 +0000 2025,domain_users,dna_aws_hpc,REDDP_READER_P,AntibodyDesign,,,,,,,,,,,,,,,,,,,,,
lvwn,1022226963,1432000513,domain_users,**Never logged in**,domain_users,ad_jira_red,dna_aws_hpc,,,,,,,,,,,,,,,,,,,,,,
lwho,856729079,1432000513,domain_users,**Never logged in**,domain_users,cdd,mi,dna_aws_hpc,reddp-dpt-img-prd-r,REDDP_READER_P,reddp_tde_hci_img_r,,,,,,,,,,,,,,,,,,
lwmr,1003140124,1432000513,domain_users,Mon Aug  4 14:55:08 +0000 2025,domain_users,dept105,genetics_ukb65851,aagenetics,genetics_ukb53639,ad_jira_red,dna_aws_hpc,nnrco,datahub-dept105,datahub-genetics-ukb53639,,,,,,,,,,,,,,,
lwph,856725130,1432000513,domain_users,**Never logged in**,domain_users,cdd,mi,dna_aws_hpc,dewp_image_analys,novomorph,reddp-dpt-img-prd-r,reddp-dpt-meta-prd-r,mi-imaging,REDDP_READER_P,,,,,,,,,,,,,,,
lxay,206933103,1432000513,domain_users,**Never logged in**,domain_users,red-dp-tddp-endothelialcell-prod-reader,nnedl_selfservice_ds_nnrcoagile,datahub-genetics-ukb53639,novomorph-ds-users,dewp_image_analys,genetics_ukb53639,REDDP_READER_P,nnrco_prs_ml,sysbiotarget,ad_jira_red,dna_aws_hpc,nnrco_tci,red-dp,nnrco,tde_campaigns,,,,,,,,,
lydw,1022214267,1432000513,domain_users,Tue Jul 29 19:37:37 +0000 2025,domain_users,dna_aws_hpc,admin-marjorie,admin-lovelace,,,,,,,,,,,,,,,,,,,,,
mbvk,1003023545,1432000513,domain_users,**Never logged in**,domain_users,mi,dna_aws_hpc,nnrco,red-dp,REDDP_READER_P,,,,,,,,,,,,,,,,,,,
mbxw,856726368,1432000513,domain_users,Tue Jun 24 09:28:27 +0000 2025,domain_users,dna_aws_hpc,REDDP_READER_P,ad_jira_red,,,,,,,,,,,,,,,,,,,,,
mfhp,1022217928,1432000513,domain_users,**Never logged in**,domain_users,dna_aws_hpc,REDDP_READER_P,,,,,,,,,,,,,,,,,,,,,,
mkxw,856701623,1432000513,domain_users,**Never logged in**,domain_users,dna_aws_hpc,,,,,,,,,,,,,,,,,,,,,,,
mlqj,206906549,1432000513,domain_users,**Never logged in**,domain_users,genetics_ukb53639,dna_aws_hpc,tpu_analysts,,,,,,,,,,,,,,,,,,,,,
mqdw,1003026316,1432000513,domain_users,Mon Aug  4 10:40:56 +0000 2025,domain_users,sysbiotarget,ad_jira_red,dna_aws_hpc,nnrco,REDDP_READER_P,seqplat_ws_scrnaseq,REDDP_OPCOB_OMICS_READER,datahub-210-admin,,,,,,,,,,,,,,,,
mtqi,1258952286,1432000513,domain_users,**Never logged in**,domain_users,dna_aws_hpc,,,,,,,,,,,,,,,,,,,,,,,
mulw,1104404041,1432000513,domain_users,**Never logged in**,domain_users,ad_jira_red,dna_aws_hpc,seqplat_ws_DNA_Del,REDDP_READER_P,,,,,,,,,,,,,,,,,,,,
mutw,856783736,1432000513,domain_users,**Never logged in**,domain_users,dna_aws_hpc,REDDP_READER_P,,,,,,,,,,,,,,,,,,,,,,
mvka,206949463,1432000513,domain_users,**Never logged in**,domain_users,dept6698,cdd,massif_seed_library,qape_mvka,minibinders_library,dna_aws_hpc,REDDP_READER_P,,,,,,,,,,,,,,,,,
mvrm,206987062,1432000513,domain_users,**Never logged in**,domain_users,sysbiotarget,mdu,dna_aws_hpc,datahub-mdu,REDDP_READER_P,dewp_image_analys,,,,,,,,,,,,,,,,,,
mwry,206882600,1432000513,domain_users,**Never logged in**,domain_users,reddp-dpt-meta-dev-r,reddp-dpt-meta-prd-r,reddp-dpt-img-dev-r,reddp-dpt-img-prd-r,dewp_image_analys,dna_aws_hpc,,,,,,,,,,,,,,,,,,
myqv,856795737,1432000513,domain_users,Wed Jul 30 12:50:00 +0000 2025,domain_users,dept105,ad_jira_red,dna_aws_hpc,nnrco,datahub-genetics-ukb53639,REDDP_READER_P,datahub-aidr-gnat-dev,seqplat_ws_scrnaseq,datahub-aidr-arc-ctc-tahoe100-reader,datahub-dept-105-admin,,,,,,,,,,,,,,
nbhl,1104408303,1432000513,domain_users,**Never logged in**,domain_users,REDDP_READER_P,dna_aws_hpc,,,,,,,,,,,,,,,,,,,,,,
nbkm,409174776,1432000513,domain_users,**Never logged in**,domain_users,ad_jira_red,dna_aws_hpc,cardio-renal,,,,,,,,,,,,,,,,,,,,,
nbvs,1003107296,1432000513,domain_users,**Never logged in**,domain_users,ad_jira_red,dna_aws_hpc,,,,,,,,,,,,,,,,,,,,,,
ncir,856694797,1432000513,domain_users,**Never logged in**,domain_users,mi,dna_aws_hpc,REDDP_READER_P,,,,,,,,,,,,,,,,,,,,,
nerg,1348667132,1432000513,domain_users,Thu Jul 10 13:59:02 +0000 2025,domain_users,dna_aws_hpc,,,,,,,,,,,,,,,,,,,,,,,
nextflow,856729964,1432000513,domain_users,Thu Jul  3 07:38:13 +0000 2025,domain_users,dna_aws_hpc,seqplat_ws_test_1,seqplat_ws_test_2,seqplat_ws_DNA_Del,seqplat_ws_RNA_Tech,seqplat_ws_Genome_Edit,seqplat_ws_Cell_Eng,seqplat_ws_Cell_TAD,seqplat_ws_GNAT,seqplat_ws_scrnaseq,seqplat_ws_ee_adipose_liver,,,,,,,,,,,,,
nhih,1022211857,1432000513,domain_users,**Never logged in**,domain_users,dna_aws_hpc,,,,,,,,,,,,,,,,,,,,,,,
nkkc,1022221308,1432000513,domain_users,**Never logged in**,domain_users,dna_aws_hpc,REDDP_READER_P,,,,,,,,,,,,,,,,,,,,,,
nlic,981241785,1432000513,domain_users,Thu Jul 31 14:52:51 +0000 2025,domain_users,dept105,Backman2021_WES,genetics_ukb53639,ad_jira_red,dna_aws_hpc,nnrco,datahub-dept105,datahub-genetics-ukb53639,REDDP_READER_P,tde_campaigns,,,,,,,,,,,,,,
nljh,981304279,1432000513,domain_users,**Never logged in**,domain_users,ad_jira_red,dna_aws_hpc,REDDP_READER_P,,,,,,,,,,,,,,,,,,,,,
nlto,981227874,1432000513,domain_users,Wed Jul 16 14:28:43 +0000 2025,domain_users,step_access_group,isoseq_dicerna_compbio,sysbiotarget,ad_jira_red,dna_aws_hpc,nnrco,mlobesity,red-dp,nn_bdas_reader,REDDP_READER_P,safety_landscape,,,,,,,,,,,,,
nnrv,573580705,1432000513,domain_users,**Never logged in**,domain_users,dna_aws_hpc,reddp-dpt-img-dev-r,reddp-dpt-meta-dev-r,reddp-dpt-img-prd-r,reddp-dpt-meta-prd-r,REDDP_READER_P,ad_jira_red,,,,,,,,,,,,,,,,,
nqbt,1022246539,1432000513,domain_users,Mon Aug  4 12:13:41 +0000 2025,domain_users,dept105,dna_aws_hpc,nnrco,REDDP_READER_P,REDDP_OPCOB_OMICS_READER,,,,,,,,,,,,,,,,,,,
nqcn,856776938,1432000513,domain_users,Mon Aug  4 18:00:28 +0000 2025,domain_users,ad_jira_red,dna_aws_hpc,liver_biology_colab,metabolic_disease_research_sequencing,seqplat_ws_scrnaseq,,,,,,,,,,,,,,,,,,,
nqvu,1022214337,1432000513,domain_users,**Never logged in**,domain_users,dept105,genetics_ukb53639,dna_aws_hpc,nnrco,,,,,,,,,,,,,,,,,,,,
nreo,1348625453,1432000513,domain_users,Fri Aug  1 12:54:32 +0000 2025,domain_users,dept105,genetics_ukb65851,eye_imaging,genetics_ukb53639,ad_jira_red,genetics_starnet,dna_aws_hpc,nnrco,datahub-finngen-ukbb,datahub-dept105,datahub-genetics-ukb53639,datahub-dept-105-admin,,,,,,,,,,,,
nroi,481800893,1432000513,domain_users,**Never logged in**,domain_users,dna_aws_hpc,comphealth,,,,,,,,,,,,,,,,,,,,,,
ntem,1348703029,1432000513,domain_users,**Never logged in**,domain_users,genetics_ukb53639,dna_aws_hpc,datahub-genetics-ukb53639,,,,,,,,,,,,,,,,,,,,,
nygz,981219962,1432000513,domain_users,Mon Jul 28 07:54:57 +0000 2025,domain_users,ad_jira_red,dna_aws_hpc,red-dp-tddp-endothelialcell-prod-reader,red-dp,novomorph,OMERO-Users,REDDP_READER_P,ric,,,,,,,,,,,,,,,,
nyyl,981239677,1432000513,domain_users,**Never logged in**,domain_users,pognyyl,dna_aws_hpc,REDDP_READER_P,,,,,,,,,,,,,,,,,,,,,
nzda,1562237841,1432000513,domain_users,Thu Jul 31 11:12:09 +0000 2025,domain_users,dept105,dna_aws_hpc,nnrco,datahub-dept105,REDDP_READER_P,,,,,,,,,,,,,,,,,,,
nzjh,1562222826,1432000513,domain_users,**Never logged in**,domain_users,dna_aws_hpc,REDDP_READER_P,,,,,,,,,,,,,,,,,,,,,,
nzog,1022285328,1432000513,domain_users,**Never logged in**,domain_users,dna_aws_hpc,REDDP_READER_P,,,,,,,,,,,,,,,,,,,,,,
ocmg,1003154877,1432000513,domain_users,**Never logged in**,domain_users,ad_jira_red,dna_aws_hpc,datahub-genetics-ukb53639,nn_bdas_reader,REDDP_READER_P,datahub-210-admin,,,,,,,,,,,,,,,,,,
ofsr,856785500,1432000513,domain_users,**Never logged in**,domain_users,mi,dna_aws_hpc,REDDP_READER_P,,,,,,,,,,,,,,,,,,,,,
ohpx,1022278683,1432000513,domain_users,**Never logged in**,domain_users,dna_aws_hpc,,,,,,,,,,,,,,,,,,,,,,,
ojsb,1003042527,1432000513,domain_users,**Never logged in**,domain_users,dna_aws_hpc,step_genetics,biobeat,,,,,,,,,,,,,,,,,,,,,
ojsz,981265674,1432000513,domain_users,Mon Aug  4 08:33:37 +0000 2025,domain_users,dna_aws_hpc,red-dp,OMERO-Users,REDDP_READER_P,,,,,,,,,,,,,,,,,,,,
olsw,1022273384,1432000513,domain_users,**Never logged in**,domain_users,cdd,mi,dna_aws_hpc,REDDP_READER_P,,,,,,,,,,,,,,,,,,,,
omicscloud,648923577,1432000513,domain_users,**Never logged in**,domain_users,dna_aws_hpc,,,,,,,,,,,,,,,,,,,,,,,
omtp,856779381,1432000513,domain_users,**Never logged in**,domain_users,ad_jira_red,dna_aws_hpc,seqplat_ws_scrnaseq,,,,,,,,,,,,,,,,,,,,,
osii,856776661,1432000513,domain_users,**Never logged in**,domain_users,dna_aws_hpc,REDDP_READER_P,,,,,,,,,,,,,,,,,,,,,,
osvk,1348744652,1432000513,domain_users,Mon Aug  4 13:31:57 +0000 2025,domain_users,dept105,genetics_ukb53639,dna_aws_hpc,nnrco,datahub-dept105,datahub-genetics-ukb53639,,,,,,,,,,,,,,,,,,
ousm,481810985,1432000513,domain_users,**Never logged in**,domain_users,dna_aws_hpc,REDDP_READER_P,,,,,,,,,,,,,,,,,,,,,,
ozmp,1258887368,1432000513,domain_users,**Never logged in**,domain_users,cdd,dna_aws_hpc,,,,,,,,,,,,,,,,,,,,,,
pacw,1022217977,1432000513,domain_users,Fri Aug  1 11:35:28 +0000 2025,domain_users,dna_aws_hpc,bdq,,,,,,,,,,,,,,,,,,,,,,
pghf,648831990,1432000513,domain_users,**Never logged in**,domain_users,dna_aws_hpc,datahub-finngen-ukbb,datahub-ldscore,OMERO-Users,REDDP_READER_P,,,,,,,,,,,,,,,,,,,
pnvp,856711338,1432000513,domain_users,Fri Aug  1 13:47:35 +0000 2025,domain_users,dna_aws_hpc,red-dp-reader-imaging-externaldata,TDDP,dewp_image_analys,red-dp-tddp-endothelialcell-prod-reader,red-dp,TnT-Admin,red-dp-tddp-cellrep-data-prod-dev,reddp-dpt-img-dev-r,reddp-dpt-meta-dev-r,reddp-dpt-img-prd-r,reddp-dpt-meta-prd-r,REDDP_READER_P,REDDP_OPCOB_OMICS_READER,datahub-210-admin,seqplat_ws_scrnaseq,,,,,,,,
pog,648952809,1432000513,domain_users,Fri Jun 27 08:16:45 +0000 2025,domain_users,Backman2021_WES,pognyyl,genetics_ukb53639,dna_aws_hpc,nnrco,NNEDL_AD_UKBB2022_R,OMERO-Users,REDDP_READER_P,,,,,,,,,,,,,,,,
pomc,648987345,1432000513,domain_users,Thu Jul  3 10:35:37 +0000 2025,domain_users,ad_jira_red,dna_aws_hpc,REDDP_READER_P,aintibody,AntibodyDesign,,,,,,,,,,,,,,,,,,,
prft,206873602,1432000513,domain_users,**Never logged in**,domain_users,dna_aws_hpc,REDDP_READER_P,,,,,,,,,,,,,,,,,,,,,,
prny,981217418,1432000513,domain_users,**Never logged in**,domain_users,dna_aws_hpc,,,,,,,,,,,,,,,,,,,,,,,
pvib,1022246169,1432000513,domain_users,**Never logged in**,domain_users,dna_aws_hpc,REDDP_READER_P,ad_jira_red,,,,,,,,,,,,,,,,,,,,,
pyke,1432171813,1432000513,domain_users,**Never logged in**,domain_users,ad_jira_red,dna_aws_hpc,OMERO-Users,REDDP_READER_P,REDDP_OPCOB_OMICS_READER,,,,,,,,,,,,,,,,,,,
qdbs,1022256012,1432000513,domain_users,**Never logged in**,domain_users,dna_aws_hpc,DD_AWS_Image_Solutions,OMERO-Users,GFS_POC_Image_Solutions,,,,,,,,,,,,,,,,,,,,
qdm,856711557,1432000513,domain_users,**Never logged in**,domain_users,cdd,dna_aws_hpc,datahub-aidr-arc-ctc-tahoe100-reader,REDDP_READER_P,,,,,,,,,,,,,,,,,,,,
qeaj,1022291765,1432000513,domain_users,Wed Jul 30 11:44:22 +0000 2025,domain_users,ad_jira_red,dna_aws_hpc,,,,,,,,,,,,,,,,,,,,,,
qelv,856785558,1432000513,domain_users,Mon Aug  4 14:09:21 +0000 2025,domain_users,mi,dna_aws_hpc,TDDP,dewp_image_analys,red-dp,TnT-Admin,reddp-dpt-img-dev-r,reddp-dpt-meta-dev-r,reddp-dpt-img-prd-r,reddp-dpt-meta-prd-r,REDDP_READER_P,reddp-dpt-img-prd-d,reddp_tde_hci_img_r,GFS_POC_Image_Solutions,,,,,,,,,,
qkgl,981239706,1432000513,domain_users,**Never logged in**,domain_users,aagenetics,mi,dna_aws_hpc,REDDP_READER_P,,,,,,,,,,,,,,,,,,,,
qlcv,1022277465,1432000513,domain_users,**Never logged in**,domain_users,dna_aws_hpc,,,,,,,,,,,,,,,,,,,,,,,
qlsd,447650977,1432000513,domain_users,Thu Jul 31 12:46:26 +0000 2025,domain_users,dna_aws_hpc,OMERO-Users,,,,,,,,,,,,,,,,,,,,,,
qmhf,206857007,1432000513,domain_users,**Never logged in**,domain_users,nnedl_selfservice_ds_nnrcoagile,dna_aws_hpc,OMERO-Users,REDDP_READER_P,,,,,,,,,,,,,,,,,,,,
qmok,206904008,1432000513,domain_users,**Never logged in**,domain_users,mrsmith,ad_jira_red,dna_aws_hpc,APC,APC_genomics,seqplat_ws_scrnaseq,,,,,,,,,,,,,,,,,,
qnzv,1003126514,1432000513,domain_users,**Never logged in**,domain_users,dna_aws_hpc,dept105,nnrco,,,,,,,,,,,,,,,,,,,,,
qolt,1022288317,1432000513,domain_users,Mon Jul 14 12:09:53 +0000 2025,domain_users,ad_jira_red,dna_aws_hpc,REDDP_READER_P,biobeat,datahub-genetics-ukb53639,tdsu,,,,,,,,,,,,,,,,,,
qpms,1022278791,1432000513,domain_users,**Never logged in**,domain_users,dna_aws_hpc,REDDP_READER_P,,,,,,,,,,,,,,,,,,,,,,
qsln,206853094,1432000513,domain_users,**Never logged in**,domain_users,ad_jira_red,dna_aws_hpc,OMERO-Users,REDDP_READER_P,,,,,,,,,,,,,,,,,,,,
qukl,1022277339,1432000513,domain_users,**Never logged in**,domain_users,ad_jira_red,dna_aws_hpc,,,,,,,,,,,,,,,,,,,,,,
qvcm,1022278865,1432000513,domain_users,**Never logged in**,domain_users,dna_aws_hpc,,,,,,,,,,,,,,,,,,,,,,,
qwdx,1022266030,1432000513,domain_users,**Never logged in**,domain_users,dna_aws_hpc,,,,,,,,,,,,,,,,,,,,,,,
qwru,1022271547,1432000513,domain_users,Wed Jun 18 10:50:46 +0000 2025,domain_users,seqplat_ws_scrnaseq,dna_aws_hpc,REDDP_READER_P,,,,,,,,,,,,,,,,,,,,,
qyji,856730980,1432000513,domain_users,**Never logged in**,domain_users,ad_jira_red,dna_aws_hpc,red-dp-tddp-endothelialcell-prod-reader,red-dp,ric,,,,,,,,,,,,,,,,,,,
radv,856700983,1432000513,domain_users,Mon Aug  4 09:02:22 +0000 2025,domain_users,dept105,genetics_ukb65851,genetics_ukb53639,mi,dna_aws_hpc,nnrco,datahub-genetics-ukb53639,,,,,,,,,,,,,,,,,
raoc,481875410,1432000513,domain_users,Mon Aug  4 06:40:49 +0000 2025,domain_users,cdd,ad_jira_red,dna_aws_hpc,red-dp,nn_bdas_reader,REDDP_READER_P,,,,,,,,,,,,,,,,,,
rblp,856697210,1432000513,domain_users,**Never logged in**,domain_users,eye_imaging,genetics_ukb53639,dna_aws_hpc,ukbiobank_liver,datahub-genetics-ukb53639,,,,,,,,,,,,,,,,,,,
rcry,278911393,1432000513,domain_users,Wed Jun 25 07:42:04 +0000 2025,domain_users,mdu,ad_jira_red,dna_aws_hpc,REDDP_READER_P,seqplat_ws_scrnaseq,,,,,,,,,,,,,,,,,,,
rcub,447685562,1432000513,domain_users,**Never logged in**,domain_users,ad_jira_red,dna_aws_hpc,OMERO-Users,REDDP_READER_P,cardio-renal,,,,,,,,,,,,,,,,,,,
rdak,856641034,1432000513,domain_users,**Never logged in**,domain_users,dna_aws_hpc,REDDP_READER_P,aintibody,AntibodyDesign,,,,,,,,,,,,,,,,,,,,
rdgb,856640814,1432000513,domain_users,**Never logged in**,domain_users,ad_jira_red,dna_aws_hpc,,,,,,,,,,,,,,,,,,,,,,
rgtd,1003107309,1432000513,domain_users,Mon Aug  4 06:49:32 +0000 2025,domain_users,ad_jira_red,dna_aws_hpc,REDDP_READER_P,bdq,,,,,,,,,,,,,,,,,,,,
rhmb,981273973,1432000513,domain_users,**Never logged in**,domain_users,dna_aws_hpc,,,,,,,,,,,,,,,,,,,,,,,
rhni,409103835,1432000513,domain_users,**Never logged in**,domain_users,massif_seed_library,dna_aws_hpc,REDDP_READER_P,AntibodyDesign,,,,,,,,,,,,,,,,,,,,
rhzz,1003126273,1432000513,domain_users,**Never logged in**,domain_users,ad_jira_red,dna_aws_hpc,REDDP_READER_P,,,,,,,,,,,,,,,,,,,,,
rjge,945590366,1432000513,domain_users,**Never logged in**,domain_users,dna_aws_hpc,rdd,REDDP_READER_P,aintibody,,,,,,,,,,,,,,,,,,,,
rjmr,981253184,1432000513,domain_users,**Never logged in**,domain_users,ad_jira_red,dna_aws_hpc,nnrco,REDDP_READER_P,,,,,,,,,,,,,,,,,,,,
rloj,1003022566,1432000513,domain_users,Fri Jul 25 09:49:50 +0000 2025,domain_users,dept105,dna_aws_hpc,nnrco,datahub-finngen-ukbb,REDDP_READER_P,,,,,,,,,,,,,,,,,,,
rmgp,206978511,1432000513,domain_users,**Never logged in**,domain_users,nnedl_selfservice_ds_nnrcoagile,step_access_group,dna_aws_hpc,nnrco,mlobesity,edison,,,,,,,,,,,,,,,,,,
rngy,573569221,1432000513,domain_users,Thu Jul 31 14:41:49 +0000 2025,domain_users,dept105,genetics_ukb65851,genetics_ukb53639,ad_jira_red,dna_aws_hpc,nnrco,datahub-finngen-ukbb,datahub-dept105,datahub-genetics-ukb53639,seqplat_ws_scrnaseq,,,,,,,,,,,,,,
rpaw,1022238929,1432000513,domain_users,**Never logged in**,domain_users,cdd,ad_jira_red,dna_aws_hpc,,,,,,,,,,,,,,,,,,,,,
rthm,981247702,1432000513,domain_users,Sun Jul 20 01:28:56 +0000 2025,domain_users,grs,genetics_ukb53639,admin-marjorie,admin-lovelace,dna_aws_hpc,nnrco,,,,,,,,,,,,,,,,,,
rvnq,1022214353,1432000513,domain_users,**Never logged in**,domain_users,dept105,dna_aws_hpc,nnrco,,,,,,,,,,,,,,,,,,,,,
rvpl,573569396,1432000513,domain_users,**Never logged in**,domain_users,ad_jira_red,dna_aws_hpc,REDDP_READER_P,,,,,,,,,,,,,,,,,,,,,
rvwx,1022291810,1432000513,domain_users,Fri Jul 25 13:17:09 +0000 2025,domain_users,ad_jira_red,dna_aws_hpc,REDDP_READER_P,sysbiotarget,,,,,,,,,,,,,,,,,,,,
rxbr,648987455,1432000513,domain_users,Mon Jul 14 08:04:18 +0000 2025,domain_users,ad_jira_red,dna_aws_hpc,nngmp0050e1c3icl,seqplat_ws_Cell_TAD,ga_shared,REDDP_READER_P,,,,,,,,,,,,,,,,,,
rzqn,981206267,1432000513,domain_users,Wed Jul  9 08:21:41 +0000 2025,domain_users,datahub-genetics-ukb53639,cb_UKBB_proteomics,genetics_ukb53639,genetics_ukb65851,step_access_group,fsx_step_trials,REDDP_READER_P,cardio-renal,sysbiotarget,ad_jira_red,dna_aws_hpc,mlobesity,biobeat,cb_UKBB,nnrco,tdsu,,,,,,,,
sbxw,447760317,1432000513,domain_users,Tue Jul 22 03:37:21 +0000 2025,domain_users,cdd,dna_aws_hpc,REDDP_READER_P,,,,,,,,,,,,,,,,,,,,,
sdkw,856722965,1432000513,domain_users,**Never logged in**,domain_users,dna_aws_hpc,,,,,,,,,,,,,,,,,,,,,,,
seow,856711480,1432000513,domain_users,Tue Jun 17 10:22:06 +0000 2025,domain_users,dept105,genetics_ukb65851,genetics_ukb53639,ad_jira_red,dna_aws_hpc,nnrco,datahub-genetics-ukb53639,REDDP_READER_P,,,,,,,,,,,,,,,,
sfgo,206901539,1432000513,domain_users,**Never logged in**,domain_users,ad_jira_red,dna_aws_hpc,REDDP_READER_P,,,,,,,,,,,,,,,,,,,,,
sixp,648940526,1432000513,domain_users,**Never logged in**,domain_users,dna_aws_hpc,seqplat_ws_Cell_Eng,,,,,,,,,,,,,,,,,,,,,,
sjsy,206865569,1432000513,domain_users,**Never logged in**,domain_users,nnedl_selfservice_ds_nnrcoagile,nnrco_tci,genetics_ukb65851,isoseq_dicerna_compbio,sysbiotarget,ad_jira_red,dna_aws_hpc,nnrco,REDDP_READER_P,,,,,,,,,,,,,,,
slcx,206906531,1432000513,domain_users,**Never logged in**,domain_users,dna_aws_hpc,biobeat,,,,,,,,,,,,,,,,,,,,,,
smhe,206901466,1432000513,domain_users,**Never logged in**,domain_users,moe_installation,dna_aws_hpc,,,,,,,,,,,,,,,,,,,,,,
snfu,206850627,1432000513,domain_users,**Never logged in**,domain_users,cdd,massif_seed_library,minibinders_library,ad_jira_red,dna_aws_hpc,REDDP_READER_P,,,,,,,,,,,,,,,,,,
soee,648880715,1432000513,domain_users,**Never logged in**,domain_users,417_AKA_offline,ad_jira_red,dna_aws_hpc,REDDP_READER_P,,,,,,,,,,,,,,,,,,,,
spqw,1022249598,1432000513,domain_users,Mon Aug  4 14:28:38 +0000 2025,domain_users,ad_jira_red,dna_aws_hpc,datahub-genetics-ukb53639,comphealth,,,,,,,,,,,,,,,,,,,,
spvu,856750888,1432000513,domain_users,Tue Jul 15 17:05:45 +0000 2025,domain_users,dna_aws_hpc,REDDP_READER_P,nngmp0050e1c3icl,,,,,,,,,,,,,,,,,,,,,
sqgg,1104509110,1432000513,domain_users,**Never logged in**,domain_users,genetics_ukb65851,sysbiotarget,genetics_ukb53639,dna_aws_hpc,nnrco,cb_UKBB,cb_UKBB_proteomics,datahub-genetics-ukb53639,,,,,,,,,,,,,,,,
ssxp,1348785464,1432000513,domain_users,**Never logged in**,domain_users,dna_aws_hpc,,,,,,,,,,,,,,,,,,,,,,,
stkh,206870552,1432000513,domain_users,**Never logged in**,domain_users,ad_jira_red,dna_aws_hpc,REDDP_READER_P,,,,,,,,,,,,,,,,,,,,,
sufh,1003023532,1432000513,domain_users,Tue Jul 15 12:14:56 +0000 2025,domain_users,sysbiotarget,ad_jira_red,dna_aws_hpc,nnrco,red-dp,REDDP_READER_P,tde_campaigns,,,,,,,,,,,,,,,,,
szbn,1562222959,1432000513,domain_users,**Never logged in**,domain_users,dna_aws_hpc,REDDP_READER_P,,,,,,,,,,,,,,,,,,,,,,
taey,856799555,1432000513,domain_users,Wed Jul 30 14:04:20 +0000 2025,domain_users,dna_aws_hpc,AntibodyDesign,,,,,,,,,,,,,,,,,,,,,,
tegj,981239712,1432000513,domain_users,**Never logged in**,domain_users,ad_jira_red,dna_aws_hpc,REDDP_READER_P,,,,,,,,,,,,,,,,,,,,,
texl,1022247182,1432000513,domain_users,**Never logged in**,domain_users,dna_aws_hpc,,,,,,,,,,,,,,,,,,,,,,,
tfwg,981266024,1432000513,domain_users,Mon Aug  4 13:45:48 +0000 2025,domain_users,snatac_seq_ascvd,ad_jira_red,dna_aws_hpc,red-dp-tddp-endothelialcell-prod-reader,red-dp,OMERO-Users,REDDP_READER_P,ric,tde_campaigns,,,,,,,,,,,,,,,
thqd,981241815,1432000513,domain_users,**Never logged in**,domain_users,genetics_ukb53639,nnrco_cph,dna_aws_hpc,nnrco,mlobesity,biobeat,cph_cprd,OMERO-Users,comphealth,,,,,,,,,,,,,,,
ticd,481804212,1432000513,domain_users,**Never logged in**,domain_users,dna_aws_hpc,REDDP_READER_P,,,,,,,,,,,,,,,,,,,,,,
tjdy,856720711,1432000513,domain_users,**Never logged in**,domain_users,ad_jira_red,dna_aws_hpc,REDDP_READER_P,,,,,,,,,,,,,,,,,,,,,
tjla,206996095,1432000513,domain_users,**Never logged in**,domain_users,dna_aws_hpc,,,,,,,,,,,,,,,,,,,,,,,
tlhj,856718565,1432000513,domain_users,**Never logged in**,domain_users,dna_aws_hpc,ga_shared,REDDP_READER_P,ad_jira_red,,,,,,,,,,,,,,,,,,,,
tmqi,648903415,1432000513,domain_users,Mon Aug  4 13:45:48 +0000 2025,domain_users,rstudio-admins,grs,admin-marjorie,admin-lovelace,dna_aws_hpc,nnrco,REDDP_READER_P,,,,,,,,,,,,,,,,,
tnfn,856797162,1432000513,domain_users,**Never logged in**,domain_users,dna_aws_hpc,REDDP_READER_P,,,,,,,,,,,,,,,,,,,,,,
tngv,573505948,1432000513,domain_users,Mon Jun 23 20:32:08 +0000 2025,domain_users,REDDP_OPCOB_OMICS_READER,isoseq_dicerna_compbio,seqplat_ws_scrnaseq,ST-GE-PredBenchm,longread_adipose,REDDP_READER_P,Xenium_pilot,sysbiotarget,ad_jira_red,datahub-mdu,dna_aws_hpc,adv-omics,merfish,nnrco,mdu,,,,,,,,,
tovb,573569571,1432000513,domain_users,**Never logged in**,domain_users,dna_aws_hpc,REDDP_READER_P,,,,,,,,,,,,,,,,,,,,,,
tsmf,206886038,1432000513,domain_users,Mon Aug  4 20:33:22 +0000 2025,domain_users,datahub-genetics-ukb53639,cb_UKBB_proteomics,genetics_ukb53639,genetics_ukb65851,tpu_analysts,ad_jira_red,datahub-mdu,dna_aws_hpc,mlobesity,biobeat,cb_UKBB,dept105,nnrco,mdu,,,,,,,,,,
ttph,856736507,1432000513,domain_users,Wed Jul  9 13:28:46 +0000 2025,domain_users,dna_aws_hpc,data_twin_tech,,,,,,,,,,,,,,,,,,,,,,
tuee,206843686,1432000513,domain_users,Thu Jul 31 07:51:34 +0000 2025,domain_users,rstudio-admins,admin-marjorie,admin-lovelace,dna_aws_hpc,REDDP_READER_P,,,,,,,,,,,,,,,,,,,
tuva,856779216,1432000513,domain_users,**Never logged in**,domain_users,cdd,dna_aws_hpc,red-dp,nn_bdas_reader,REDDP_READER_P,,,,,,,,,,,,,,,,,,,
twaj,1258964442,1432000513,domain_users,**Never logged in**,domain_users,dept105,genetics_starnet,dna_aws_hpc,novomorph,OMERO-Users,REDDP_READER_P,datahub-210-admin,,,,,,,,,,,,,,,,,
twls,1022288544,1432000513,domain_users,**Never logged in**,domain_users,genetics_ukb53639,dna_aws_hpc,nnrco,datahub-genetics-ukb53639,,,,,,,,,,,,,,,,,,,,
twrn,856795605,1432000513,domain_users,Mon Aug  4 14:22:15 +0000 2025,domain_users,dna_aws_hpc,nnrco,REDDP_READER_P,,,,,,,,,,,,,,,,,,,,,
tyvu,481811091,1432000513,domain_users,**Never logged in**,domain_users,cdd,dna_aws_hpc,REDDP_READER_P,,,,,,,,,,,,,,,,,,,,,
tzks,278975645,1432000513,domain_users,**Never logged in**,domain_users,dna_aws_hpc,red-dp,REDDP_READER_P,,,,,,,,,,,,,,,,,,,,,
uab,856750153,1432000513,domain_users,**Never logged in**,domain_users,ad_jira_red,dna_aws_hpc,seqplat_ws_scrnaseq,,,,,,,,,,,,,,,,,,,,,
uaty,1022249338,1432000513,domain_users,**Never logged in**,domain_users,sysbiotarget,dna_aws_hpc,REDDP_READER_P,intercept,REDDP_OPCOB_OMICS_READER,,,,,,,,,,,,,,,,,,,
uatz,1003026241,1432000513,domain_users,Wed Jul 16 20:05:31 +0000 2025,domain_users,ad_jira_red,dna_aws_hpc,APC,APC_genomics,REDDP_READER_P,,,,,,,,,,,,,,,,,,,
uazz,981217153,1432000513,domain_users,**Never logged in**,domain_users,dna_aws_hpc,nnrco,mlobesity,,,,,,,,,,,,,,,,,,,,,
uftz,1022288442,1432000513,domain_users,**Never logged in**,domain_users,dna_aws_hpc,,,,,,,,,,,,,,,,,,,,,,,
umxb,1348757710,1432000513,domain_users,Fri Jul 25 14:00:01 +0000 2025,domain_users,dept105,genetics_ukb53639,genetics_starnet,dna_aws_hpc,nnrco,,,,,,,,,,,,,,,,,,,
unro,1003026202,1432000513,domain_users,**Never logged in**,domain_users,dna_aws_hpc,Datahub-supportTeam,,,,,,,,,,,,,,,,,,,,,,
usih,856772173,1432000513,domain_users,**Never logged in**,domain_users,dna_aws_hpc,OMERO-Users,,,,,,,,,,,,,,,,,,,,,,
uzam,1104403968,1432000513,domain_users,**Never logged in**,domain_users,dna_aws_hpc,,,,,,,,,,,,,,,,,,,,,,,
vcgn,1022247194,1432000513,domain_users,**Never logged in**,domain_users,dna_aws_hpc,,,,,,,,,,,,,,,,,,,,,,,
vczr,856754403,1432000513,domain_users,Mon Aug  4 06:40:52 +0000 2025,domain_users,nnrco_tci,sysbiotarget,ad_jira_red,dna_aws_hpc,TDDP,dewp_image_analys,red-dp,TnT-Admin,reddp-dpt-img-dev-r,reddp-dpt-meta-dev-r,reddp-dpt-img-prd-r,reddp-dpt-meta-prd-r,REDDP_READER_P,reddp-dpt-img-prd-d,,,,,,,,,,
vdrz,856797533,1432000513,domain_users,**Never logged in**,domain_users,ad_jira_red,dna_aws_hpc,,,,,,,,,,,,,,,,,,,,,,
vlsw,856779564,1432000513,domain_users,**Never logged in**,domain_users,ad_jira_red,dna_aws_hpc,dept7340,,,,,,,,,,,,,,,,,,,,,
vmnz,981244786,1432000513,domain_users,Fri Aug  1 14:15:52 +0000 2025,domain_users,rafamarie,DF_KG,nnrco_tci,genetics_ukb53639,ad_jira_red,mi,dna_aws_hpc,nnrco,mlobesity,cb_UKBB_proteomics,biobeat,datahub-genetics-ukb53639,REDDP_READER_P,,,,,,,,,,,
vmyo,1003126515,1432000513,domain_users,**Never logged in**,domain_users,dna_aws_hpc,,,,,,,,,,,,,,,,,,,,,,,
vnij,206875385,1432000513,domain_users,**Never logged in**,domain_users,cdd,mi,photonn,dna_aws_hpc,red-dp-reader-imaging-externaldata,dewp_image_analys,red-dp-tddp-endothelialcell-prod-reader,novomorph,reddp-dpt-img-dev-r,reddp-dpt-meta-dev-r,reddp-dpt-img-prd-r,reddp-dpt-meta-prd-r,OMERO-Users,mi-imaging,REDDP_READER_P,reddp-dpt-img-prd-d,,,,,,,,
vnje,278890227,1432000513,domain_users,**Never logged in**,domain_users,ad_jira_red,dna_aws_hpc,nlp_rag,,,,,,,,,,,,,,,,,,,,,
vnlo,856706121,1432000513,domain_users,**Never logged in**,domain_users,dept105,dna_aws_hpc,nnrco,red-dp,,,,,,,,,,,,,,,,,,,,
vnna,856779384,1432000513,domain_users,Wed Jul 30 11:35:25 +0000 2025,domain_users,ad_jira_red,dna_aws_hpc,seqplat_ws_scrnaseq,,,,,,,,,,,,,,,,,,,,,
vqlm,1022299174,1432000513,domain_users,**Never logged in**,domain_users,dna_aws_hpc,novomorph-ds-users,reddp_tde_hci_img_r,,,,,,,,,,,,,,,,,,,,,
vsbg,981253522,1432000513,domain_users,**Never logged in**,domain_users,mdu,dna_aws_hpc,nnrco,datahub-mdu,red-dp-reader-imaging-externaldata,TDDP,red-dp-tddp-endothelialcell-prod-reader,red-dp,TnT-Admin,red-dp-tddp-cellrep-data-prod-dev,reddp-dpt-img-dev-r,reddp-dpt-meta-dev-r,reddp-dpt-img-prd-r,reddp-dpt-meta-prd-r,REDDP_READER_P,,,,,,,,,
vsnp,1348757712,1432000513,domain_users,Mon Jul 21 12:49:51 +0000 2025,domain_users,dept105,genetics_ukb53639,genetics_starnet,dna_aws_hpc,nnrco,,,,,,,,,,,,,,,,,,,
vumo,1022258952,1432000513,domain_users,**Never logged in**,domain_users,cdd,ad_jira_red,dna_aws_hpc,nn_bdas_reader,REDDP_READER_P,,,,,,,,,,,,,,,,,,,
vwbl,1022247376,1432000513,domain_users,**Never logged in**,domain_users,dna_aws_hpc,,,,,,,,,,,,,,,,,,,,,,,
vwbn,1022214370,1432000513,domain_users,Mon Aug  4 14:28:37 +0000 2025,domain_users,dept105,genetics_ukb53639,dna_aws_hpc,nnrco,,,,,,,,,,,,,,,,,,,,
vwcd,1022257569,1432000513,domain_users,**Never logged in**,domain_users,dna_aws_hpc,TDDP,dewp_image_analys,red-dp,TnT-Admin,REDDP_READER_P,reddp_tde_hci_img_r,,,,,,,,,,,,,,,,,
vwpt,1022238567,1432000513,domain_users,**Never logged in**,domain_users,dept105,dna_aws_hpc,nnrco,,,,,,,,,,,,,,,,,,,,,
vyca,1003126516,1432000513,domain_users,**Never logged in**,domain_users,dept105,genetics_ukb53639,ad_jira_red,dna_aws_hpc,nnrco,biobeat,datahub-finngen-ukbb,APC,APC_genomics,datahub-genetics-ukb53639,tdsu,,,,,,,,,,,,,
wbnm,856726169,1432000513,domain_users,Fri Aug  1 10:06:03 +0000 2025,domain_users,dna_aws_hpc,seqplat_ws_test_2,,,,,,,,,,,,,,,,,,,,,,
wbvq,1022273551,1432000513,domain_users,**Never logged in**,domain_users,dna_aws_hpc,,,,,,,,,,,,,,,,,,,,,,,
wdrm,447745902,1432000513,domain_users,**Never logged in**,domain_users,genetics_ukb65851,genetics_ukb53639,ad_jira_red,dna_aws_hpc,liver_biology_colab,nnrco,biobeat,datahub-genetics-ukb53639,DMSN_WDRM,,,,,,,,,,,,,,,
wgch,856698291,1432000513,domain_users,**Never logged in**,domain_users,ad_jira_red,dna_aws_hpc,USLX-LRSeqD-access,REDDP_READER_P,,,,,,,,,,,,,,,,,,,,
wgzq,856779387,1432000513,domain_users,**Never logged in**,domain_users,dna_aws_hpc,,,,,,,,,,,,,,,,,,,,,,,
whnn,1022251510,1432000513,domain_users,**Never logged in**,domain_users,dna_aws_hpc,,,,,,,,,,,,,,,,,,,,,,,
whtg,1022217669,1432000513,domain_users,Thu Jul 10 16:49:07 +0000 2025,domain_users,admin-marjorie,admin-lovelace,dna_aws_hpc,,,,,,,,,,,,,,,,,,,,,
wirn,1022201731,1432000513,domain_users,Thu Jul 10 16:33:51 +0000 2025,domain_users,dna_aws_hpc,TnT-Admin,seqplat_ws_scrnaseq,,,,,,,,,,,,,,,,,,,,,
wjzi,856730809,1432000513,domain_users,Mon Aug  4 18:16:39 +0000 2025,domain_users,dept105,genetics_ukb65851,genetics_ukb53639,dna_aws_hpc,nnrco,datahub-genetics-ukb53639,,,,,,,,,,,,,,,,,,
wmt,409183541,1432000513,domain_users,Mon Aug  4 08:39:31 +0000 2025,domain_users,dept105,local_ukbiobank,genetics_ukb53639,dna_aws_hpc,nnrco,NNEDL_AD_UKBB2022_R,datahub-finngen-ukbb,datahub-ldscore,datahub-genetics-ukb53639,REDDP_READER_P,datahub-210-admin,datahub-dept-105-admin,,,,,,,,,,,,
wnpt,856744417,1432000513,domain_users,**Never logged in**,domain_users,dna_aws_hpc,nn_bdas_reader,OMERO-Users,REDDP_READER_P,,,,,,,,,,,,,,,,,,,,
wpcs,856779160,1432000513,domain_users,Fri Aug  1 07:26:36 +0000 2025,domain_users,ad_jira_red,dna_aws_hpc,TDDP,dewp_image_analys,red-dp,TnT-Admin,reddp-dpt-img-dev-r,reddp-dpt-meta-dev-r,reddp-dpt-img-prd-r,reddp-dpt-meta-prd-r,REDDP_READER_P,,,,,,,,,,,,,
wprc,1022204490,1432000513,domain_users,**Never logged in**,domain_users,dna_aws_hpc,datahub-genetics-ukb53639,,,,,,,,,,,,,,,,,,,,,,
wqpe,1022271558,1432000513,domain_users,**Never logged in**,domain_users,mdu,ad_jira_red,dna_aws_hpc,,,,,,,,,,,,,,,,,,,,,
wrmf,1022264516,1432000513,domain_users,**Never logged in**,domain_users,dna_aws_hpc,,,,,,,,,,,,,,,,,,,,,,,
wrvo,856782321,1432000513,domain_users,**Never logged in**,domain_users,ad_jira_red,dna_aws_hpc,,,,,,,,,,,,,,,,,,,,,,
wrzi,1022258977,1432000513,domain_users,**Never logged in**,domain_users,dna_aws_hpc,OMERO-Users,REDDP_READER_P,,,,,,,,,,,,,,,,,,,,,
wsnn,1258887367,1432000513,domain_users,**Never logged in**,domain_users,dna_aws_hpc,nn_bdas_reader,,,,,,,,,,,,,,,,,,,,,,
wulr,1022257566,1432000513,domain_users,**Never logged in**,domain_users,ad_jira_red,dna_aws_hpc,,,,,,,,,,,,,,,,,,,,,,
wyqg,981304277,1432000513,domain_users,Mon Aug  4 15:55:28 +0000 2025,domain_users,dept105,ukb_t2d_def,ukb_proteomics,genetics_ukb65851,Backman2021_WES,isoseq_dicerna_compbio,genetics_ukb53639,ad_jira_red,dna_aws_hpc,nnrco,datahub-dept105,tde_campaigns,,,,,,,,,,,,
xajg,1022249618,1432000513,domain_users,Fri Aug  1 09:08:28 +0000 2025,domain_users,dept105,genetics_ukb65851,ad_jira_red,dna_aws_hpc,nnrco,datahub-genetics-ukb53639,TORCH,datahub-dept-105-admin,genetics_ukb53639,,,,,,,,,,,,,,,
xaog,981241767,1432000513,domain_users,**Never logged in**,domain_users,dna_aws_hpc,ga_shared,ad_jira_red,,,,,,,,,,,,,,,,,,,,,
xely,206947303,1432000513,domain_users,**Never logged in**,domain_users,dna_aws_hpc,,,,,,,,,,,,,,,,,,,,,,,
ximx,1003053329,1432000513,domain_users,**Never logged in**,domain_users,dna_aws_hpc,step_genetics,,,,,,,,,,,,,,,,,,,,,,
xjbq,206879665,1432000513,domain_users,Thu Jul 17 08:00:28 +0000 2025,domain_users,dna_aws_hpc,nn_bdas_reader,REDDP_READER_P,datahub-dept-105-admin,datahub-dept105,,,,,,,,,,,,,,,,,,,
xnpe,1022221331,1432000513,domain_users,Fri Jul 11 08:55:41 +0000 2025,domain_users,admin-marjorie,admin-lovelace,dna_aws_hpc,,,,,,,,,,,,,,,,,,,,,
xsrc,1022285317,1432000513,domain_users,**Never logged in**,domain_users,cdd,dna_aws_hpc,,,,,,,,,,,,,,,,,,,,,,
yawp,648932464,1432000513,domain_users,**Never logged in**,domain_users,417_AKA_offline,ad_jira_red,dna_aws_hpc,REDDP_READER_P,,,,,,,,,,,,,,,,,,,,
ybsw,1022291809,1432000513,domain_users,Mon Jul 21 16:09:35 +0000 2025,domain_users,dna_aws_hpc,datahub-genetics-ukb53639,,,,,,,,,,,,,,,,,,,,,,
ydbr,1022257343,1432000513,domain_users,**Never logged in**,domain_users,dna_aws_hpc,,,,,,,,,,,,,,,,,,,,,,,
ydku,856739043,1432000513,domain_users,**Never logged in**,domain_users,dna_aws_hpc,nlp_rag,,,,,,,,,,,,,,,,,,,,,,
ydpv,1022257308,1432000513,domain_users,**Never logged in**,domain_users,dna_aws_hpc,,,,,,,,,,,,,,,,,,,,,,,
yglk,1022298278,1432000513,domain_users,**Never logged in**,domain_users,dna_aws_hpc,,,,,,,,,,,,,,,,,,,,,,,
ygye,856690176,1432000513,domain_users,**Never logged in**,domain_users,dna_aws_hpc,biobeat,,,,,,,,,,,,,,,,,,,,,,
yljm,278815320,1432000513,domain_users,**Never logged in**,domain_users,dept105,ad_jira_red,genetics_starnet,dna_aws_hpc,nnrco,datahub-dept105,TORCH,,,,,,,,,,,,,,,,,
yqav,1022262508,1432000513,domain_users,**Never logged in**,domain_users,sysbiotarget,ad_jira_red,dna_aws_hpc,nnrco,REDDP_READER_P,,,,,,,,,,,,,,,,,,,
yrbs,481875369,1432000513,domain_users,**Never logged in**,domain_users,photonn,dna_aws_hpc,datahub-mdu,novomorph,OMERO-Users,REDDP_READER_P,reddp_tde_hci_img_r,,,,,,,,,,,,,,,,,
yuxm,1022255882,1432000513,domain_users,Wed Jun 18 06:18:50 +0000 2025,domain_users,ad_jira_red,dna_aws_hpc,ric,beta_cell_2025,,,,,,,,,,,,,,,,,,,,
zavk,856790698,1432000513,domain_users,**Never logged in**,domain_users,dna_aws_hpc,,,,,,,,,,,,,,,,,,,,,,,
zdwu,856711414,1432000513,domain_users,**Never logged in**,domain_users,ad_jira_red,dna_aws_hpc,,,,,,,,,,,,,,,,,,,,,,
zean,981260379,1432000513,domain_users,**Never logged in**,domain_users,ad_jira_red,dna_aws_hpc,dept7340,seqplat_ws_Genome_Edit,REDDP_READER_P,,,,,,,,,,,,,,,,,,,
zell,648925993,1432000513,domain_users,**Never logged in**,domain_users,sysbiotarget,ad_jira_red,dna_aws_hpc,nnrco,red-dp-tddp-endothelialcell-prod-reader,red-dp,REDDP_READER_P,beta_cell_2025,tde_campaigns,,,,,,,,,,,,,,,
zemw,856778021,1432000513,domain_users,**Never logged in**,domain_users,mdu,ad_jira_red,dna_aws_hpc,REDDP_OPCOB_OMICS_READER,datahub-210-admin,seqplat_ws_scrnaseq,seqplat_ws_ee_adipose_liver,,,,,,,,,,,,,,,,,
zeqw,573569542,1432000513,domain_users,Thu Jul 17 18:54:43 +0000 2025,domain_users,isoseq_dicerna_compbio,ad_jira_red,dna_aws_hpc,gnat_sysbio,REDDP_READER_P,,,,,,,,,,,,,,,,,,,
zeuf,481804318,1432000513,domain_users,**Never logged in**,domain_users,datahub-dept105,dna_aws_hpc,dept105,nnrco,,,,,,,,,,,,,,,,,,,,
zihc,856711481,1432000513,domain_users,Mon Aug  4 19:26:28 +0000 2025,domain_users,dept105,ad_jira_red,dna_aws_hpc,nnrco,gnat_sysbio,,,,,,,,,,,,,,,,,,,
zjdo,1022285928,1432000513,domain_users,**Never logged in**,domain_users,dna_aws_hpc,,,,,,,,,,,,,,,,,,,,,,,
zloa,1022211615,1432000513,domain_users,Thu Jul 24 09:39:53 +0000 2025,domain_users,dna_aws_hpc,reddp-dpt-img-prd-r,novomorph-ds-users,reddp_tde_hci_img_r,,,,,,,,,,,,,,,,,,,,
znbd,1348757713,1432000513,domain_users,**Never logged in**,domain_users,dept105,genetics_starnet,dna_aws_hpc,nnrco,,,,,,,,,,,,,,,,,,,,
znec,1348757714,1432000513,domain_users,Wed Jul 23 12:10:30 +0000 2025,domain_users,dept105,genetics_ukb53639,dna_aws_hpc,nnrco,,,,,,,,,,,,,,,,,,,,
znvi,648952620,1432000513,domain_users,**Never logged in**,domain_users,cdd,ad_jira_red,dna_aws_hpc,novomorph,DD_AWS_Image_Solutions,REDDP_READER_P,GFS_POC_Image_Solutions,,,,,,,,,,,,,,,,,
zqab,206882650,1432000513,domain_users,**Never logged in**,domain_users,fsx_step_trials,step_access_group,ukb_t2d_def,genetics_ukb65851,genetics_ukb53639,dna_aws_hpc,nnrco,mlobesity,tpu_analysts,,,,,,,,,,,,,,,
ztml,856797505,1432000513,domain_users,**Never logged in**,domain_users,dna_aws_hpc,RNAseq_Adipose_Endothelial_ZTML,,,,,,,,,,,,,,,,,,,,,,
ztzu,447685249,1432000513,domain_users,**Never logged in**,domain_users,dept105,genetics_ukb53639,dna_aws_hpc,nnrco,datahub-dept105,,,,,,,,,,,,,,,,,,,
zuys,1022285257,1432000513,domain_users,**Never logged in**,domain_users,dna_aws_hpc,,,,,,,,,,,,,,,,,,,,,,,
zwgz,1022288457,1432000513,domain_users,**Never logged in**,domain_users,dna_aws_hpc,,,,,,,,,,,,,,,,,,,,,,,